UF,municipio,zona,secao,qtdEleitoresAptos,qtdComparecimento,dataHoraAbertura,dataHoraEncerramento,idPleito,qtdEleitoresLibCodigo,qtdEleitoresCompBiometrico,modelo
RR,3050,3,241,267,196,20221030T070001,20221030T160311,407,0,151,UE2015
RR,3050,3,13,257,183,20221030T070001,20221030T160031,407,15,174,UE2020
RR,3050,3,155,257,194,20221030T070001,20221030T160126,407,8,184,UE2020
RR,3050,3,209,241,191,20221030T070001,20221030T160316,407,3,157,UE2015
RR,3050,3,167,238,197,20221030T070001,20221030T160304,407,3,172,UE2015
RR,3050,3,12,259,210,20221030T070001,20221030T160456,407,4,203,UE2020
RR,3050,3,121,235,174,20221030T070001,20221030T160412,407,8,161,UE2020
RR,3050,3,31,206,171,20221030T070001,20221030T160306,407,5,161,UE2015
RR,3050,3,208,232,154,20221030T070109,20221030T160323,407,11,139,UE2020
RR,3050,3,184,257,172,20221030T070001,20221030T160722,407,6,159,UE2015
RR,3050,3,19,295,239,20221030T070435,20221030T160314,407,7,219,UE2020
RR,3050,3,224,257,174,20221030T070001,20221030T160755,407,12,159,UE2015
RR,3050,3,236,205,136,20221030T071316,20221030T160429,407,15,121,UE2013
RR,3050,3,28,252,215,20221030T070037,20221030T160028,407,4,193,UE2015
RR,3050,3,97,240,187,20221030T070001,20221030T160213,407,6,175,UE2020
RR,3050,3,129,233,181,20221030T070245,20221030T160532,407,6,165,UE2020
RR,3050,3,206,258,194,20221030T070001,20221030T160152,407,6,184,UE2020
RR,3050,3,117,235,165,20221030T070001,20221030T160233,407,1,152,UE2020
RR,3050,3,20,294,236,20221030T070001,20221030T160102,407,1,208,UE2020
RR,3050,3,211,290,203,20221030T070001,20221030T160303,407,0,199,UE2020
RR,3050,3,15,257,190,20221030T070001,20221030T160111,407,8,186,UE2020
RR,3050,3,22,295,250,20221030T070533,20221030T160208,407,5,234,UE2020
RR,3050,3,193,272,222,20221030T070126,20221030T160058,407,10,197,UE2015
RR,3050,3,16,257,199,20221030T070001,20221030T160037,407,8,186,UE2020
RR,3050,3,94,260,181,20221030T070001,20221030T160104,407,11,169,UE2015
RR,3050,3,24,200,166,20221030T070001,20221030T160039,407,7,155,UE2015
RR,3050,3,23,194,139,20221030T070001,20221030T160118,407,7,135,UE2015
RR,3050,3,212,347,268,20221030T070715,20221030T160348,407,14,265,UE2015
RR,3050,3,169,299,230,20221030T070001,20221030T160155,407,2,214,UE2015
RR,3050,3,18,291,233,20221030T070001,20221030T160027,407,4,213,UE2020
RR,3050,3,30,234,167,20221030T070001,20221030T160813,407,2,151,UE2020
RR,3050,3,85,242,164,20221030T070001,20221030T160333,407,4,142,UE2020
RR,3050,3,29,201,153,20221030T071616,20221030T160242,407,13,146,UE2015
RR,3050,3,226,148,92,20221030T080100,20221030T160021,407,0,85,UE2015
RR,3050,3,232,291,233,20221030T070202,20221030T160101,407,8,213,UE2020
RR,3050,3,207,253,182,20221030T070001,20221030T160308,407,6,155,UE2015
RR,3050,3,128,190,156,20221030T070001,20221030T160045,407,3,140,UE2015
RR,3050,3,21,297,239,20221030T070001,20221030T160242,407,4,210,UE2020
RR,3050,3,240,263,190,20221030T070001,20221030T160331,407,12,190,UE2015
RR,3050,3,17,290,195,20221030T070001,20221030T160317,407,8,193,UE2020
RR,3050,3,25,271,217,20221030T071129,20221030T160525,407,14,192,UE2015
RR,3050,3,14,249,192,20221030T070001,20221030T160138,407,6,182,UE2020
RR,3050,3,157,298,229,20221030T070001,20221030T160250,407,2,208,UE2020
RR,3158,4,127,268,164,20221030T070001,20221030T160234,407,5,148,UE2015
RR,3158,4,39,234,136,20221030T070001,20221030T160338,407,7,125,UE2015
RR,3158,4,73,293,198,20221030T070001,20221030T160212,407,18,179,UE2020
RR,3158,4,27,324,216,20221030T070001,20221030T160049,407,2,206,UE2020
RR,3158,4,67,171,155,20221030T070950,20221030T160007,407,2,145,UE2015
RR,3158,4,87,240,132,20221030T070001,20221030T160041,407,4,121,UE2015
RR,3158,4,26,271,185,20221030T070001,20221030T160145,407,12,177,UE2020
RR,3158,4,56,264,190,20221030T070001,20221030T160115,407,6,177,UE2015
RR,3158,4,38,238,139,20221030T070001,20221030T160042,407,14,123,UE2015
RR,3158,4,124,290,203,20221030T070001,20221030T160443,407,1,180,UE2020
RR,3158,4,22,290,206,20221030T070001,20221030T160138,407,10,184,UE2020
RR,3158,4,94,290,210,20221030T070001,20221030T160035,407,8,186,UE2020
RR,3158,4,24,275,197,20221030T070001,20221030T160221,407,5,186,UE2020
RR,3158,4,23,273,180,20221030T070001,20221030T160740,407,15,171,UE2020
RR,3158,4,51,277,186,20221030T070001,20221030T160132,407,2,173,UE2020
RR,3158,4,43,322,228,20221030T070001,20221030T160044,407,10,222,UE2020
RR,3158,4,52,236,149,20221030T070001,20221030T160540,407,12,134,UE2015
RR,3158,4,116,212,145,20221030T070001,20221030T160225,407,6,134,UE2020
RR,3158,4,128,301,177,20221030T070001,20221030T160231,407,3,163,UE2020
RR,3158,4,21,284,196,20221030T070001,20221030T160453,407,5,174,UE2020
RR,3158,4,25,279,194,20221030T070001,20221030T160235,407,11,185,UE2020
RR,3158,4,83,339,237,20221030T070001,20221030T160331,407,7,191,UE2020
RR,3034,2,104,252,186,20221030T070001,20221030T160201,407,6,175,UE2020
RR,3034,2,125,289,223,20221030T070001,20221030T160120,407,3,213,UE2020
RR,3034,2,60,252,180,20221030T070001,20221030T160055,407,1,172,UE2020
RR,3034,2,88,284,204,20221030T070001,20221030T160137,407,15,185,UE2015
RR,3034,2,9,389,259,20221030T070037,20221030T160107,407,14,235,UE2015
RR,3034,2,1,258,187,20221030T070001,20221030T160254,407,6,162,UE2020
RR,3034,2,135,242,179,20221030T071448,20221030T160057,407,7,165,UE2020
RR,3034,2,127,288,211,20221030T070001,20221030T160210,407,7,195,UE2020
RR,3034,2,69,293,228,20221030T070001,20221030T160213,407,5,216,UE2020
RR,3034,2,182,286,167,20221030T070036,20221030T160320,407,3,118,UE2015
RR,3034,2,7,287,220,20221030T070001,20221030T160056,407,4,201,UE2020
RR,3034,2,112,253,159,20221030T071004,20221030T160456,407,11,157,UE2015
RR,3034,2,159,281,177,20221030T072216,20221030T160024,407,6,166,UE2015
RR,3034,2,90,178,98,20221030T070001,20221030T160056,407,8,91,UE2015
RR,3034,2,174,283,200,20221030T070001,20221030T160135,407,1,182,UE2020
RR,3034,2,115,226,170,20221030T070001,20221030T160248,407,2,161,UE2020
RR,3034,2,137,223,158,20221030T070001,20221030T160132,407,2,150,UE2020
RR,3034,2,3,236,173,20221030T070001,20221030T160253,407,10,162,UE2020
RR,3034,2,62,219,161,20221030T070001,20221030T160050,407,8,151,UE2020
RR,3034,2,180,175,127,20221030T070218,20221030T160119,407,3,66,UE2015
RR,3034,2,177,272,187,20221030T070001,20221030T160015,407,14,173,UE2020
RR,3034,2,97,215,162,20221030T070001,20221030T160218,407,4,150,UE2020
RR,3034,2,100,249,194,20221030T070001,20221030T160303,407,3,188,UE2020
RR,3034,2,91,215,137,20221030T070001,20221030T160431,407,13,128,UE2015
RR,3034,2,6,215,161,20221030T070001,20221030T160317,407,10,151,UE2020
RR,3034,2,8,224,176,20221030T070001,20221030T160112,407,13,162,UE2020
RR,3034,2,176,284,164,20221030T070001,20221030T160316,407,11,143,UE2020
RR,3034,2,123,288,205,20221030T070001,20221030T160142,407,7,193,UE2020
RR,3034,2,179,236,148,20221030T070338,20221030T160037,407,8,134,UE2020
RR,3034,2,160,236,183,20221030T070340,20221030T160024,407,2,168,UE2020
RR,3034,2,136,247,176,20221030T070001,20221030T160041,407,3,165,UE2020
RR,3034,2,61,288,206,20221030T070550,20221030T160528,407,7,193,UE2020
RR,3034,2,94,256,178,20221030T070000,20221030T160321,407,11,178,UE2015
RR,3034,2,169,224,153,20221030T070001,20221030T160050,407,3,136,UE2020
RR,3034,2,172,285,185,20221030T070901,20221030T160220,407,4,172,UE2020
RR,3034,2,89,224,163,20221030T070001,20221030T160500,407,4,141,UE2020
RR,3034,2,85,225,160,20221030T070001,20221030T160145,407,6,150,UE2020
RR,3034,2,166,284,195,20221030T070001,20221030T160157,407,5,180,UE2020
RR,3034,2,156,285,225,20221030T070001,20221030T160623,407,2,214,UE2020
RR,3034,2,170,290,218,20221030T070001,20221030T160159,407,1,205,UE2020
RR,3034,2,108,281,209,20221030T070001,20221030T160027,407,10,194,UE2020
RR,3034,2,5,234,175,20221030T070001,20221030T160028,407,17,167,UE2020
RR,3034,2,10,257,177,20221030T070001,20221030T160102,407,6,176,UE2015
RR,3034,2,143,262,175,20221030T070001,20221030T160210,407,7,173,UE2015
RR,3034,2,2,240,175,20221030T070001,20221030T160210,407,14,167,UE2020
RR,3034,2,131,287,202,20221030T070001,20221030T160306,407,7,178,UE2015
RR,3034,2,92,279,190,20221030T070001,20221030T160028,407,9,176,UE2015
RR,3034,2,168,249,174,20221030T070001,20221030T160301,407,6,166,UE2020
RR,3034,2,11,213,122,20221030T070001,20221030T160046,407,8,116,UE2015
RR,3034,2,63,230,170,20221030T070001,20221030T160239,407,3,158,UE2020
RR,3034,2,4,285,207,20221030T070346,20221030T160218,407,4,188,UE2020
RR,3034,2,126,283,175,20221030T070807,20221030T161701,407,5,168,UE2015
RR,3034,2,178,225,172,20221030T070001,20221030T160218,407,2,142,UE2020
RR,3034,2,171,280,173,20221030T070216,20221030T160315,407,13,167,UE2015
RR,3034,2,173,295,227,20221030T070001,20221030T160350,407,7,210,UE2015
RR,3115,5,615,228,165,20221030T070506,20221030T160227,407,3,100,UE2020
RR,3115,5,587,284,225,20221030T070001,20221030T160127,407,8,201,UE2020
RR,3115,5,583,285,230,20221030T070001,20221030T161517,407,5,198,UE2020
RR,3115,5,602,235,190,20221030T070032,20221030T160256,407,4,172,UE2015
RR,3115,5,612,264,175,20221030T070556,20221030T160754,407,6,146,UE2020
RR,3115,5,601,268,203,20221030T070001,20221030T160059,407,13,176,UE2015
RR,3115,5,596,273,209,20221030T070001,20221030T160057,407,2,185,UE2015
RR,3115,5,668,125,101,20221030T073453,20221030T160024,407,5,76,UE2015
RR,3115,5,588,277,213,20221030T070049,20221030T160142,407,2,184,UE2020
RR,3115,5,591,227,175,20221030T070001,20221030T160221,407,4,159,UE2015
RR,3115,5,584,283,241,20221030T070215,20221030T160535,407,2,214,UE2020
RR,3115,5,580,230,182,20221030T070706,20221030T160106,407,3,179,UE2020
RR,3115,5,586,290,228,20221030T070140,20221030T160442,407,2,196,UE2020
RR,3115,5,589,228,184,20221030T070001,20221030T160425,407,2,167,UE2015
RR,3115,5,611,152,135,20221030T070001,20221030T161250,407,6,126,UE2015
RR,3115,5,581,279,228,20221030T070516,20221030T160815,407,12,200,UE2020
RR,3115,5,598,378,314,20221030T070001,20221030T160548,407,4,274,UE2015
RR,3115,5,578,230,178,20221030T070001,20221030T160234,407,4,168,UE2020
RR,3115,5,590,231,176,20221030T070001,20221030T160116,407,0,160,UE2015
RR,3115,5,593,365,287,20221030T070001,20221030T160254,407,7,253,UE2015
RR,3115,5,595,275,223,20221030T070001,20221030T160144,407,4,203,UE2015
RR,3115,5,594,273,224,20221030T070001,20221030T160034,407,1,208,UE2015
RR,3115,5,604,194,165,20221030T070127,20221030T160444,407,18,153,UE2015
RR,3115,5,603,236,186,20221030T070408,20221030T160130,407,3,155,UE2015
RR,3115,5,585,287,244,20221030T070001,20221030T160110,407,8,206,UE2020
RR,3115,5,592,225,185,20221030T070001,20221030T160137,407,3,185,UE2015
RR,3115,5,627,75,56,20221030T070001,20221030T160131,407,0,48,UE2015
RR,3115,5,600,349,288,20221030T070001,20221030T160158,407,2,247,UE2015
RR,3115,5,579,234,188,20221030T070159,20221030T160224,407,4,187,UE2020
RR,3115,5,582,364,295,20221030T070821,20221030T160441,407,7,211,UE2020
RR,3077,5,542,257,165,20221030T070001,20221030T160127,407,1,120,UE2020
RR,3077,5,570,294,229,20221030T070001,20221030T160016,407,8,219,UE2020
RR,3077,5,539,256,191,20221030T070001,20221030T160133,407,3,179,UE2020
RR,3077,5,556,257,197,20221030T070001,20221030T160310,407,4,187,UE2015
RR,3077,5,554,258,199,20221030T070001,20221030T160150,407,3,189,UE2015
RR,3077,5,540,256,195,20221030T070001,20221030T160133,407,4,186,UE2020
RR,3077,5,573,291,209,20221030T070001,20221030T160604,407,0,200,UE2020
RR,3077,5,550,273,214,20221030T070001,20221030T160309,407,4,199,UE2015
RR,3077,5,552,245,164,20221030T070001,20221030T160059,407,16,145,UE2015
RR,3077,5,557,253,182,20221030T070001,20221030T160112,407,7,162,UE2015
RR,3077,5,555,256,202,20221030T070001,20221030T160028,407,2,190,UE2015
RR,3077,5,567,261,181,20221030T070001,20221030T160243,407,3,173,UE2020
RR,3077,5,558,209,168,20221030T070001,20221030T160020,407,5,168,UE2015
RR,3077,5,559,192,141,20221030T070001,20221030T161237,407,1,132,UE2015
RR,3077,5,560,244,214,20221030T070001,20221030T160445,407,5,214,UE2015
RR,3077,5,538,261,211,20221030T070001,20221030T161038,407,11,199,UE2020
RR,3077,5,547,295,233,20221030T070001,20221030T160407,407,16,224,UE2015
RR,3077,5,569,195,159,20221030T070001,20221030T160251,407,2,134,UE2015
RR,3077,5,549,288,247,20221030T070001,20221030T160008,407,1,223,UE2015
RR,3077,5,575,187,146,20221030T070001,20221030T161256,407,7,133,UE2015
RR,3077,5,543,261,211,20221030T070001,20221030T160119,407,1,191,UE2015
RR,3077,5,546,295,235,20221030T070001,20221030T160114,407,18,222,UE2015
RR,3077,5,541,257,178,20221030T070001,20221030T160043,407,4,143,UE2020
RR,3077,5,574,291,207,20221030T070001,20221030T160251,407,7,187,UE2020
RR,3077,5,571,291,217,20221030T070126,20221030T160416,407,7,209,UE2020
RR,3077,5,544,257,205,20221030T070001,20221030T160100,407,4,192,UE2015
RR,3077,5,548,293,214,20221030T070001,20221030T160208,407,16,205,UE2015
RR,3077,5,561,204,154,20221030T070001,20221030T160048,407,8,131,UE2015
RR,3077,5,551,242,153,20221030T070826,20221030T160244,407,15,139,UE2015
RR,3077,5,566,259,186,20221030T070458,20221030T160258,407,4,109,UE2020
RR,3077,5,572,290,211,20221030T070001,20221030T160328,407,7,196,UE2020
RR,3077,5,565,261,202,20221030T070044,20221030T160400,407,3,193,UE2020
RR,3077,5,568,263,175,20221030T070001,20221030T160143,407,4,172,UE2020
RR,3077,5,563,120,88,20221030T070001,20221030T160356,407,5,80,UE2015
RR,3077,5,635,158,123,20221030T070001,20221030T160406,407,9,118,UE2015
RR,3077,5,545,256,196,20221030T070001,20221030T160140,407,5,178,UE2015
RR,3077,5,564,268,230,20221030T070001,20221030T160155,407,2,180,UE2020
RR,3077,5,577,165,114,20221030T070001,20221030T160145,407,2,114,UE2015
RR,3077,5,553,235,141,20221030T070001,20221030T160200,407,8,132,UE2015
RR,3077,5,576,248,173,20221030T070001,20221030T160210,407,6,152,UE2015
RR,3077,5,537,258,216,20221030T070001,20221030T160241,407,3,203,UE2020
RR,3085,8,60,213,144,20221030T070001,20221030T160052,407,4,123,UE2015
RR,3085,8,9,258,203,20221030T070053,20221030T160013,407,4,196,UE2020
RR,3085,8,33,286,211,20221030T070648,20221030T160622,407,13,194,UE2020
RR,3085,8,75,235,162,20221030T070001,20221030T160305,407,14,130,UE2015
RR,3085,8,1,293,219,20221030T070001,20221030T160422,407,18,204,UE2015
RR,3085,8,13,253,192,20221030T070001,20221030T162207,407,3,178,UE2020
RR,3085,8,58,245,171,20221030T070001,20221030T160236,407,0,157,UE2020
RR,3085,8,69,331,264,20221030T070001,20221030T160050,407,3,264,UE2020
RR,3085,8,7,213,142,20221030T070001,20221030T160156,407,3,132,UE2015
RR,3085,8,41,284,221,20221030T070228,20221030T160027,407,1,208,UE2020
RR,3085,8,39,273,203,20221030T070001,20221030T160502,407,3,181,UE2020
RR,3085,8,73,288,206,20221030T070001,20221030T160108,407,7,191,UE2020
RR,3085,8,47,228,185,20221030T070001,20221030T160025,407,2,171,UE2020
RR,3085,8,53,107,72,20221030T070001,20221030T160108,407,4,70,UE2015
RR,3085,8,12,256,191,20221030T070001,20221030T160321,407,16,177,UE2020
RR,3085,8,55,267,188,20221030T070829,20221030T160042,407,7,164,UE2020
RR,3085,8,46,261,211,20221030T070001,20221030T160123,407,4,197,UE2020
RR,3085,8,44,264,212,20221030T070001,20221030T160212,407,0,204,UE2020
RR,3085,8,74,273,172,20221030T070001,20221030T160232,407,5,151,UE2015
RR,3085,8,31,276,208,20221030T070033,20221030T160036,407,4,186,UE2020
RR,3085,8,32,289,226,20221030T070020,20221030T160151,407,5,212,UE2020
RR,3085,8,67,232,169,20221030T070001,20221030T160226,407,9,157,UE2020
RR,3085,8,19,254,179,20221030T070001,20221030T160756,407,12,161,UE2020
RR,3085,8,3,283,204,20221030T070001,20221030T160159,407,7,190,UE2015
RR,3085,8,28,256,159,20221030T070001,20221030T160251,407,18,147,UE2015
RR,3085,8,62,294,227,20221030T070001,20221030T160059,407,6,210,UE2015
RR,3085,8,50,232,168,20221030T070001,20221030T160205,407,0,157,UE2020
RR,3085,8,80,294,207,20221030T070001,20221030T160154,407,4,149,UE2020
RR,3085,8,66,275,194,20221030T070001,20221030T160038,407,3,176,UE2020
RR,3085,8,70,291,211,20221030T070001,20221030T160218,407,4,196,UE2020
RR,3085,8,56,211,137,20221030T070621,20221030T160014,407,3,125,UE2015
RR,3085,8,38,274,210,20221030T070001,20221030T160238,407,2,190,UE2020
RR,3085,8,76,247,178,20221030T070001,20221030T160223,407,6,178,UE2020
RR,3085,8,35,283,216,20221030T070044,20221030T160252,407,9,206,UE2020
RR,3085,8,6,212,174,20221030T070631,20221030T160019,407,8,161,UE2015
RR,3085,8,8,207,153,20221030T070123,20221030T160102,407,1,141,UE2015
RR,3085,8,65,292,207,20221030T070001,20221030T160104,407,10,198,UE2020
RR,3085,8,40,282,200,20221030T070001,20221030T160006,407,8,193,UE2020
RR,3085,8,20,256,193,20221030T070102,20221030T160206,407,8,177,UE2020
RR,3085,8,37,274,207,20221030T070001,20221030T160359,407,3,192,UE2020
RR,3085,8,15,262,196,20221030T070001,20221030T160146,407,5,181,UE2020
RR,3085,8,22,238,178,20221030T070001,20221030T160139,407,8,173,UE2015
RR,3085,8,61,252,188,20221030T070001,20221030T160255,407,6,166,UE2020
RR,3085,8,16,260,212,20221030T070001,20221030T160141,407,7,199,UE2020
RR,3085,8,24,342,213,20221030T070001,20221030T160159,407,11,195,UE2015
RR,3085,8,64,225,163,20221030T070001,20221030T160329,407,2,153,UE2020
RR,3085,8,23,233,178,20221030T070001,20221030T160133,407,7,167,UE2015
RR,3085,8,71,269,214,20221030T070001,20221030T160409,407,14,214,UE2020
RR,3085,8,49,229,191,20221030T070001,20221030T160336,407,0,184,UE2020
RR,3085,8,18,261,203,20221030T070001,20221030T160410,407,11,156,UE2020
RR,3085,8,79,286,178,20221030T070001,20221030T160335,407,7,146,UE2015
RR,3085,8,30,164,85,20221030T070345,20221030T160045,407,4,77,UE2015
RR,3085,8,54,252,196,20221030T070001,20221030T160405,407,5,176,UE2020
RR,3085,8,29,256,146,20221030T070001,20221030T160445,407,10,132,UE2015
RR,3085,8,51,229,180,20221030T070001,20221030T160914,407,4,168,UE2020
RR,3085,8,43,265,223,20221030T070004,20221030T160124,407,2,214,UE2020
RR,3085,8,52,283,200,20221030T070001,20221030T160111,407,11,186,UE2015
RR,3085,8,77,280,191,20221030T070001,20221030T160234,407,5,167,UE2020
RR,3085,8,82,137,122,20221030T070212,20221030T160220,407,11,91,UE2015
RR,3085,8,72,274,199,20221030T070001,20221030T160128,407,1,191,UE2020
RR,3085,8,59,328,227,20221030T070001,20221030T161044,407,3,199,UE2015
RR,3085,8,57,262,192,20221030T070001,20221030T160218,407,8,144,UE2020
RR,3085,8,34,284,211,20221030T070001,20221030T160401,407,10,194,UE2020
RR,3085,8,5,209,142,20221030T070001,20221030T160314,407,9,135,UE2015
RR,3085,8,36,276,219,20221030T070001,20221030T160045,407,6,199,UE2020
RR,3085,8,78,300,185,20221030T070001,20221030T160216,407,5,172,UE2020
RR,3085,8,10,257,195,20221030T070001,20221030T160138,407,6,186,UE2020
RR,3085,8,2,288,212,20221030T070001,20221030T160207,407,9,205,UE2015
RR,3085,8,21,236,192,20221030T070001,20221030T160140,407,5,183,UE2015
RR,3085,8,11,256,198,20221030T070001,20221030T160200,407,10,185,UE2020
RR,3085,8,42,281,209,20221030T070001,20221030T160150,407,3,199,UE2020
RR,3085,8,63,274,188,20221030T070001,20221030T160313,407,4,165,UE2020
RR,3085,8,4,212,168,20221030T070301,20221030T160123,407,8,154,UE2015
RR,3085,8,17,257,194,20221030T070203,20221030T160239,407,7,176,UE2020
RR,3085,8,48,226,169,20221030T070001,20221030T160501,407,5,159,UE2020
RR,3085,8,83,242,198,20221030T070001,20221030T160035,407,8,100,UE2020
RR,3085,8,14,255,196,20221030T070001,20221030T160251,407,6,178,UE2020
RR,3085,8,45,261,205,20221030T070001,20221030T160550,407,5,191,UE2020
RR,3085,8,68,214,130,20221030T070748,20221030T160020,407,4,117,UE2015
RR,3085,8,81,210,166,20221030T070001,20221030T160214,407,5,106,UE2020
RR,3069,5,528,343,240,20221030T070001,20221030T160125,407,14,221,UE2015
RR,3069,5,485,248,199,20221030T070036,20221030T160406,407,7,185,UE2020
RR,3069,5,521,321,205,20221030T070001,20221030T160036,407,3,201,UE2015
RR,3069,5,502,256,178,20221030T070102,20221030T160200,407,8,170,UE2015
RR,3069,5,487,251,187,20221030T070001,20221030T160033,407,2,174,UE2020
RR,3069,5,486,249,198,20221030T070001,20221030T160058,407,4,176,UE2020
RR,3069,5,484,251,188,20221030T071231,20221030T160345,407,4,169,UE2020
RR,3069,5,489,222,174,20221030T070001,20221030T160421,407,10,156,UE2015
RR,3069,5,504,307,253,20221030T070800,20221030T160153,407,5,234,UE2015
RR,3069,5,482,255,186,20221030T070001,20221030T160226,407,3,158,UE2020
RR,3069,5,536,200,111,20221030T070001,20221030T160317,407,2,100,UE2015
RR,3069,5,520,250,190,20221030T070001,20221030T160112,407,3,188,UE2020
RR,3069,5,511,258,232,20221030T070001,20221030T160252,407,3,232,UE2015
RR,3069,5,620,295,192,20221030T070438,20221030T160216,407,5,177,UE2015
RR,3069,5,505,256,207,20221030T070422,20221030T160607,407,13,194,UE2015
RR,3069,5,494,259,181,20221030T070001,20221030T160853,407,4,174,UE2015
RR,3069,5,518,222,132,20221030T070632,20221030T160413,407,6,122,UE2015
RR,3069,5,497,235,192,20221030T070001,20221030T160114,407,8,191,UE2015
RR,3069,5,498,242,204,20221030T070001,20221030T160034,407,6,204,UE2015
RR,3069,5,507,225,173,20221030T070500,20221030T160843,407,3,159,UE2015
RR,3069,5,506,257,182,20221030T070322,20221030T160446,407,9,170,UE2015
RR,3069,5,495,306,223,20221030T070001,20221030T160332,407,15,214,UE2015
RR,3069,5,524,286,221,20221030T070001,20221030T160140,407,8,212,UE2015
RR,3069,5,529,307,239,20221030T070001,20221030T160054,407,11,215,UE2015
RR,3069,5,526,299,211,20221030T070001,20221030T160110,407,5,203,UE2015
RR,3069,5,488,253,185,20221030T070259,20221030T160119,407,3,162,UE2020
RR,3069,5,519,258,188,20221030T070051,20221030T160235,407,6,185,UE2020
RR,3069,5,516,221,145,20221030T070001,20221030T160244,407,8,137,UE2015
RR,3069,5,605,145,128,20221030T070001,20221030T160502,407,3,76,UE2015
RR,3069,5,508,229,183,20221030T070001,20221030T160125,407,5,166,UE2015
RR,3069,5,525,232,134,20221030T070001,20221030T160040,407,5,129,UE2015
RR,3069,5,534,254,188,20221030T070001,20221030T160425,407,5,187,UE2020
RR,3069,5,509,268,191,20221030T070001,20221030T160201,407,1,184,UE2015
RR,3069,5,496,246,179,20221030T070001,20221030T160458,407,12,175,UE2015
RR,3069,5,499,255,197,20221030T070001,20221030T160406,407,7,186,UE2015
RR,3069,5,523,362,291,20221030T070001,20221030T160019,407,32,256,UE2015
RR,3069,5,517,221,156,20221030T070051,20221030T160326,407,8,144,UE2015
RR,3069,5,514,204,144,20221030T070613,20221030T160147,407,2,140,UE2015
RR,3069,5,483,258,201,20221030T072235,20221030T160451,407,3,186,UE2020
RR,3069,5,492,259,199,20221030T070001,20221030T160248,407,11,189,UE2015
RR,3069,5,530,261,186,20221030T070002,20221030T160521,407,1,182,UE2020
RR,3069,5,500,252,190,20221030T070004,20221030T160112,407,8,177,UE2015
RR,3069,5,501,261,189,20221030T070001,20221030T160128,407,5,174,UE2015
RR,3069,5,531,260,184,20221030T070223,20221030T160627,407,9,181,UE2020
RR,3069,5,527,294,216,20221030T070001,20221030T160150,407,10,200,UE2015
RR,3069,5,606,235,179,20221030T070001,20221030T160254,407,4,135,UE2015
RR,3069,5,512,245,149,20221030T070001,20221030T160148,407,6,136,UE2015
RR,3069,5,643,137,118,20221030T070001,20221030T160106,407,2,71,UE2020
RR,3069,5,515,221,154,20221030T070012,20221030T160048,407,11,146,UE2015
RR,3069,5,642,134,117,20221030T070001,20221030T160152,407,2,84,UE2020
RR,3069,5,503,298,259,20221030T070524,20221030T161942,407,20,235,UE2015
RR,3069,5,493,265,193,20221030T070001,20221030T160742,407,7,185,UE2015
RR,3069,5,490,217,166,20221030T070001,20221030T160306,407,7,151,UE2015
RR,3131,4,110,236,187,20221030T070001,20221030T160245,407,7,180,UE2020
RR,3131,4,9,237,180,20221030T070001,20221030T160215,407,10,166,UE2020
RR,3131,4,1,232,178,20221030T070001,20221030T160032,407,3,171,UE2020
RR,3131,4,130,204,159,20221030T070001,20221030T160156,407,5,97,UE2020
RR,3131,4,7,237,185,20221030T070001,20221030T160043,407,6,178,UE2020
RR,3131,4,3,233,173,20221030T070001,20221030T160509,407,10,157,UE2020
RR,3131,4,80,337,248,20221030T070001,20221030T160449,407,10,234,UE2020
RR,3131,4,129,223,157,20221030T070001,20221030T160038,407,2,142,UE2020
RR,3131,4,91,211,157,20221030T070001,20221030T160135,407,7,150,UE2020
RR,3131,4,93,223,164,20221030T070001,20221030T160042,407,4,141,UE2020
RR,3131,4,6,237,183,20221030T070001,20221030T160048,407,14,177,UE2020
RR,3131,4,8,235,185,20221030T070001,20221030T160200,407,4,174,UE2020
RR,3131,4,61,281,244,20221030T070001,20221030T160032,407,12,216,UE2020
RR,3131,4,79,223,166,20221030T070001,20221030T160112,407,4,146,UE2020
RR,3131,4,72,223,167,20221030T070001,20221030T160139,407,1,145,UE2020
RR,3131,4,101,207,161,20221030T070001,20221030T160258,407,1,154,UE2020
RR,3131,4,5,235,183,20221030T070001,20221030T160037,407,13,175,UE2020
RR,3131,4,10,220,162,20221030T070001,20221030T160109,407,4,144,UE2020
RR,3131,4,2,235,170,20221030T070001,20221030T160044,407,20,163,UE2020
RR,3131,4,122,230,181,20221030T070001,20221030T160053,407,14,170,UE2020
RR,3131,4,4,237,178,20221030T070001,20221030T160316,407,6,166,UE2020
RR,3093,6,88,291,232,20221030T070001,20221030T160013,407,11,144,UE2020
RR,3093,6,33,295,225,20221030T070001,20221030T160210,407,8,213,UE2020
RR,3093,6,75,247,181,20221030T070001,20221030T160029,407,11,156,UE2015
RR,3093,6,58,352,273,20221030T070001,20221030T160113,407,9,247,UE2020
RR,3093,6,69,288,213,20221030T070001,20221030T160116,407,3,198,UE2020
RR,3093,6,41,291,234,20221030T070001,20221030T160051,407,2,217,UE2020
RR,3093,6,84,327,224,20221030T070001,20221030T160036,407,11,224,UE2020
RR,3093,6,73,144,115,20221030T070001,20221030T160252,407,4,104,UE2015
RR,3093,6,27,237,176,20221030T070001,20221030T160240,407,8,166,UE2020
RR,3093,6,47,364,280,20221030T070001,20221030T160208,407,14,256,UE2015
RR,3093,6,53,259,200,20221030T070001,20221030T160109,407,23,186,UE2015
RR,3093,6,46,288,212,20221030T070001,20221030T160314,407,16,199,UE2020
RR,3093,6,44,285,241,20221030T070001,20221030T160452,407,8,218,UE2020
RR,3093,6,74,287,219,20221030T070001,20221030T160335,407,5,202,UE2020
RR,3093,6,31,240,198,20221030T070217,20221030T160102,407,8,184,UE2020
RR,3093,6,32,294,235,20221030T070001,20221030T160414,407,20,225,UE2020
RR,3093,6,67,249,185,20221030T071636,20221030T160038,407,13,166,UE2015
RR,3093,6,62,257,197,20221030T070446,20221030T160310,407,10,181,UE2020
RR,3093,6,66,239,175,20221030T070001,20221030T160029,407,12,155,UE2015
RR,3093,6,56,376,288,20221030T070001,20221030T160317,407,15,263,UE2015
RR,3093,6,38,215,173,20221030T070049,20221030T160146,407,4,173,UE2020
RR,3093,6,76,351,269,20221030T070001,20221030T160104,407,11,269,UE2020
RR,3093,6,35,376,293,20221030T070001,20221030T160122,407,9,293,UE2020
RR,3093,6,40,210,160,20221030T070001,20221030T160045,407,8,160,UE2020
RR,3093,6,37,365,286,20221030T070001,20221030T160019,407,8,275,UE2020
RR,3093,6,61,258,202,20221030T070001,20221030T160322,407,10,189,UE2020
RR,3093,6,24,241,183,20221030T070001,20221030T160109,407,12,173,UE2020
RR,3093,6,23,233,183,20221030T070001,20221030T160041,407,4,162,UE2020
RR,3093,6,71,328,250,20221030T070001,20221030T160019,407,4,182,UE2020
RR,3093,6,49,371,266,20221030T070049,20221030T160040,407,20,244,UE2015
RR,3093,6,30,236,184,20221030T070232,20221030T160325,407,15,175,UE2020
RR,3093,6,54,374,290,20221030T070001,20221030T161442,407,12,268,UE2015
RR,3093,6,85,285,200,20221030T070053,20221030T160022,407,6,184,UE2020
RR,3093,6,51,366,264,20221030T070001,20221030T160055,407,9,237,UE2015
RR,3093,6,43,290,214,20221030T070001,20221030T160247,407,1,201,UE2020
RR,3093,6,82,323,224,20221030T070001,20221030T160110,407,5,193,UE2020
RR,3093,6,34,289,220,20221030T070001,20221030T160128,407,12,208,UE2020
RR,3093,6,78,159,121,20221030T070001,20221030T160057,407,5,114,UE2015
RR,3093,6,21,236,193,20221030T070001,20221030T160059,407,7,181,UE2020
RR,3093,6,42,289,233,20221030T070001,20221030T160403,407,15,212,UE2020
RR,3093,6,63,250,210,20221030T070001,20221030T160036,407,9,199,UE2020
RR,3093,6,25,250,206,20221030T070001,20221030T160506,407,11,189,UE2020
RR,3093,6,45,287,240,20221030T070621,20221030T160202,407,9,224,UE2020
RR,3093,6,68,247,196,20221030T070001,20221030T160054,407,26,174,UE2015
RR,3107,7,104,108,100,20221030T070001,20221030T160109,407,2,78,UE2015
RR,3107,7,60,234,205,20221030T070001,20221030T160044,407,7,186,UE2015
RR,3107,7,96,317,236,20221030T070001,20221030T160221,407,1,193,UE2015
RR,3107,7,58,200,165,20221030T070045,20221030T160325,407,11,148,UE2015
RR,3107,7,84,328,270,20221030T070001,20221030T160823,407,3,221,UE2015
RR,3107,7,73,254,221,20221030T070001,20221030T160137,407,5,195,UE2015
RR,3107,7,47,228,183,20221030T070001,20221030T160207,407,12,181,UE2015
RR,3107,7,53,110,78,20221030T070001,20221030T160033,407,2,66,UE2015
RR,3107,7,46,112,97,20221030T070001,20221030T160255,407,1,88,UE2015
RR,3107,7,62,277,246,20221030T070001,20221030T160452,407,19,244,UE2015
RR,3107,7,50,325,259,20221030T070001,20221030T160311,407,5,214,UE2015
RR,3107,7,66,325,264,20221030T070001,20221030T160147,407,3,226,UE2015
RR,3107,7,100,204,182,20221030T070001,20221030T160041,407,7,156,UE2015
RR,3107,7,56,354,297,20221030T070001,20221030T160122,407,11,248,UE2015
RR,3107,7,61,263,237,20221030T070642,20221030T160012,407,3,236,UE2015
RR,3107,7,49,223,182,20221030T070001,20221030T160330,407,1,180,UE2015
RR,3107,7,54,176,153,20221030T070001,20221030T160106,407,3,137,UE2015
RR,3107,7,51,323,265,20221030T070001,20221030T160034,407,3,227,UE2015
RR,3107,7,52,326,259,20221030T070001,20221030T160145,407,3,231,UE2015
RR,3107,7,72,323,265,20221030T070001,20221030T160036,407,5,234,UE2015
RR,3107,7,57,183,162,20221030T070001,20221030T160226,407,2,162,UE2015
RR,3107,7,101,212,163,20221030T070244,20221030T160040,407,5,148,UE2015
RR,3107,7,63,215,178,20221030T070002,20221030T160021,407,9,159,UE2015
RR,3107,7,48,221,178,20221030T070001,20221030T160047,407,4,176,UE2015
RR,3107,7,68,234,205,20221030T070001,20221030T160309,407,4,180,UE2015
RR,3107,7,81,254,212,20221030T070001,20221030T160107,407,6,188,UE2015
RR,3018,1,104,239,194,20221030T070001,20221030T160120,407,15,184,UE2020
RR,3018,1,223,271,242,20221030T070001,20221030T160031,407,9,205,UE2020
RR,3018,1,60,244,206,20221030T070001,20221030T160238,407,14,206,UE2020
RR,3018,1,666,299,233,20221030T070001,20221030T160713,407,11,209,UE2020
RR,3018,1,758,313,268,20221030T070010,20221030T160349,407,18,258,UE2020
RR,3018,1,429,329,272,20221030T070001,20221030T160340,407,16,272,UE2020
RR,3018,1,784,233,205,20221030T070001,20221030T160038,407,6,77,UE2020
RR,3018,1,528,325,260,20221030T070001,20221030T160425,407,10,243,UE2020
RR,3018,1,610,295,214,20221030T071144,20221030T160528,407,8,210,UE2020
RR,3018,1,700,338,275,20221030T070001,20221030T160158,407,8,273,UE2020
RR,3018,1,88,350,279,20221030T070001,20221030T160054,407,14,261,UE2020
RR,3018,1,189,241,198,20221030T070220,20221030T160237,407,4,184,UE2020
RR,3018,1,753,314,264,20221030T070001,20221030T160250,407,7,263,UE2020
RR,3018,1,756,312,265,20221030T070001,20221030T160216,407,2,255,UE2020
RR,3018,1,615,307,235,20221030T070001,20221030T160237,407,7,209,UE2020
RR,3018,1,709,390,326,20221030T070001,20221030T160354,407,6,286,UE2020
RR,3018,1,389,262,222,20221030T070001,20221030T160109,407,12,215,UE2020
RR,3018,1,241,274,230,20221030T070001,20221030T160134,407,0,212,UE2020
RR,3018,1,362,337,259,20221030T070001,20221030T160132,407,7,257,UE2020
RR,3018,1,268,283,230,20221030T070001,20221030T160334,407,4,200,UE2020
RR,3018,1,739,239,188,20221030T070001,20221030T160335,407,8,188,UE2020
RR,3018,1,720,336,266,20221030T071055,20221030T160341,407,10,263,UE2020
RR,3018,1,587,340,279,20221030T070001,20221030T160052,407,6,255,UE2020
RR,3018,1,556,355,288,20221030T070001,20221030T160210,407,20,282,UE2020
RR,3018,1,75,342,288,20221030T070001,20221030T160117,407,18,284,UE2020
RR,3018,1,783,165,150,20221030T070001,20221030T160021,407,1,83,UE2020
RR,3018,1,639,338,275,20221030T070001,20221030T160307,407,7,270,UE2020
RR,3018,1,522,331,254,20221030T070001,20221030T160317,407,2,238,UE2020
RR,3018,1,409,345,271,20221030T070015,20221030T160149,407,11,255,UE2020
RR,3018,1,710,360,288,20221030T070001,20221030T160027,407,8,282,UE2020
RR,3018,1,1,312,243,20221030T070001,20221030T160021,407,7,243,UE2020
RR,3018,1,674,344,289,20221030T070001,20221030T160053,407,5,289,UE2020
RR,3018,1,774,208,170,20221030T070001,20221030T160023,407,2,109,UE2020
RR,3018,1,796,348,292,20221030T070001,20221030T160210,407,9,269,UE2020
RR,3018,1,747,332,272,20221030T070630,20221030T160352,407,7,271,UE2020
RR,3018,1,622,252,212,20221030T070139,20221030T160328,407,5,196,UE2020
RR,3018,1,554,353,296,20221030T070001,20221030T160142,407,12,294,UE2020
RR,3018,1,345,277,227,20221030T070001,20221030T160143,407,7,206,UE2020
RR,3018,1,616,292,244,20221030T070001,20221030T160130,407,5,243,UE2020
RR,3018,1,502,209,176,20221030T070001,20221030T160249,407,8,164,UE2020
RR,3018,1,782,270,220,20221030T070001,20221030T160156,407,3,96,UE2020
RR,3018,1,718,342,279,20221030T070001,20221030T160756,407,3,274,UE2020
RR,3018,1,667,295,242,20221030T070001,20221030T160004,407,4,220,UE2020
RR,3018,1,583,333,269,20221030T070001,20221030T160300,407,16,265,UE2020
RR,3018,1,487,365,296,20221030T070001,20221030T160129,407,10,274,UE2020
RR,3018,1,486,236,201,20221030T070001,20221030T160212,407,2,200,UE2020
RR,3018,1,765,318,261,20221030T070031,20221030T160356,407,2,162,UE2020
RR,3018,1,367,303,255,20221030T070001,20221030T160307,407,7,244,UE2020
RR,3018,1,660,338,266,20221030T070001,20221030T160852,407,4,200,UE2020
RR,3018,1,540,342,274,20221030T070001,20221030T160303,407,7,270,UE2020
RR,3018,1,573,316,274,20221030T070025,20221030T160215,407,6,267,UE2020
RR,3018,1,550,311,255,20221030T070001,20221030T160214,407,15,255,UE2020
RR,3018,1,96,292,232,20221030T070001,20221030T160703,407,9,213,UE2020
RR,3018,1,737,232,185,20221030T070001,20221030T160203,407,7,108,UE2020
RR,3018,1,777,328,263,20221030T070001,20221030T160237,407,5,86,UE2020
RR,3018,1,58,332,269,20221030T070001,20221030T160255,407,7,254,UE2020
RR,3018,1,552,328,269,20221030T070434,20221030T160104,407,6,256,UE2020
RR,3018,1,690,263,220,20221030T070101,20221030T160137,407,11,211,UE2020
RR,3018,1,382,270,235,20221030T070142,20221030T160211,407,5,205,UE2020
RR,3018,1,602,302,225,20221030T070001,20221030T160120,407,5,216,UE2020
RR,3018,1,557,359,269,20221030T070046,20221030T160121,407,3,264,UE2020
RR,3018,1,229,339,276,20221030T070001,20221030T160048,407,9,239,UE2020
RR,3018,1,252,348,286,20221030T070121,20221030T160047,407,8,286,UE2020
RR,3018,1,69,368,297,20221030T070505,20221030T160134,407,18,297,UE2020
RR,3018,1,460,285,228,20221030T070755,20221030T160535,407,12,200,UE2020
RR,3018,1,702,299,254,20221030T070001,20221030T160128,407,10,248,UE2020
RR,3018,1,636,340,277,20221030T070952,20221030T160418,407,5,270,UE2020
RR,3018,1,719,340,285,20221030T070134,20221030T160300,407,5,284,UE2020
RR,3018,1,614,316,258,20221030T070001,20221030T160151,407,7,245,UE2020
RR,3018,1,608,303,236,20221030T070351,20221030T160828,407,3,233,UE2020
RR,3018,1,599,214,184,20221030T070001,20221030T160607,407,6,175,UE2020
RR,3018,1,612,306,243,20221030T070001,20221030T160013,407,6,234,UE2020
RR,3018,1,203,291,242,20221030T070001,20221030T160006,407,10,228,UE2020
RR,3018,1,489,336,259,20221030T070001,20221030T160150,407,9,236,UE2020
RR,3018,1,266,348,276,20221030T070001,20221030T160159,407,7,265,UE2020
RR,3018,1,186,290,231,20221030T070001,20221030T160415,407,2,213,UE2020
RR,3018,1,555,386,324,20221030T070001,20221030T160144,407,11,309,UE2020
RR,3018,1,287,329,272,20221030T070001,20221030T160423,407,7,270,UE2020
RR,3018,1,663,297,236,20221030T070001,20221030T160307,407,0,209,UE2020
RR,3018,1,458,318,261,20221030T070001,20221030T160105,407,4,248,UE2020
RR,3018,1,601,305,239,20221030T070001,20221030T160642,407,8,230,UE2020
RR,3018,1,799,347,301,20221030T070001,20221030T160359,407,2,273,UE2020
RR,3018,1,682,367,279,20221030T070453,20221030T160421,407,7,266,UE2020
RR,3018,1,7,271,212,20221030T070001,20221030T160224,407,6,199,UE2020
RR,3018,1,688,264,225,20221030T070001,20221030T160128,407,8,215,UE2020
RR,3018,1,613,313,268,20221030T070001,20221030T160653,407,7,251,UE2020
RR,3018,1,567,217,175,20221030T070001,20221030T160129,407,6,108,UE2020
RR,3018,1,41,348,268,20221030T070001,20221030T160136,407,10,253,UE2020
RR,3018,1,209,270,216,20221030T070001,20221030T160119,407,5,204,UE2020
RR,3018,1,167,271,228,20221030T070039,20221030T160355,407,5,207,UE2020
RR,3018,1,638,343,262,20221030T070001,20221030T160308,407,12,254,UE2020
RR,3018,1,696,341,286,20221030T070001,20221030T160219,407,8,281,UE2020
RR,3018,1,596,215,178,20221030T070728,20221030T160148,407,13,169,UE2020
RR,3018,1,706,339,274,20221030T070001,20221030T160411,407,8,266,UE2020
RR,3018,1,558,331,255,20221030T070250,20221030T160208,407,5,252,UE2020
RR,3018,1,476,287,238,20221030T070001,20221030T160114,407,13,223,UE2020
RR,3018,1,39,350,276,20221030T070001,20221030T160743,407,7,264,UE2020
RR,3018,1,778,135,118,20221030T070001,20221030T160058,407,5,47,UE2020
RR,3018,1,559,337,267,20221030T070155,20221030T160358,407,8,259,UE2020
RR,3018,1,759,316,238,20221030T070001,20221030T160019,407,4,217,UE2020
RR,3018,1,90,348,293,20221030T070001,20221030T160258,407,16,275,UE2020
RR,3018,1,752,322,272,20221030T070001,20221030T160229,407,7,263,UE2020
RR,3018,1,651,317,263,20221030T070001,20221030T160033,407,5,256,UE2020
RR,3018,1,536,348,268,20221030T070001,20221030T160347,407,7,264,UE2020
RR,3018,1,713,342,288,20221030T070001,20221030T160257,407,7,283,UE2020
RR,3018,1,787,154,126,20221030T070001,20221030T160141,407,2,45,UE2020
RR,3018,1,315,313,251,20221030T070001,20221030T160130,407,6,246,UE2020
RR,3018,1,73,247,210,20221030T070001,20221030T160107,407,10,210,UE2020
RR,3018,1,712,353,273,20221030T070001,20221030T160014,407,10,264,UE2020
RR,3018,1,520,294,232,20221030T070001,20221030T160116,407,6,100,UE2020
RR,3018,1,788,206,166,20221030T070001,20221030T160201,407,0,77,UE2020
RR,3018,1,27,207,177,20221030T070001,20221030T160042,407,13,174,UE2020
RR,3018,1,307,372,311,20221030T070001,20221030T160131,407,6,300,UE2020
RR,3018,1,47,242,206,20221030T070001,20221030T160241,407,15,197,UE2020
RR,3018,1,205,207,172,20221030T070001,20221030T160042,407,3,157,UE2020
RR,3018,1,619,270,228,20221030T070001,20221030T160257,407,11,208,UE2020
RR,3018,1,733,321,257,20221030T070001,20221030T160327,407,0,254,UE2020
RR,3018,1,53,267,224,20221030T070001,20221030T160346,407,6,214,UE2020
RR,3018,1,668,301,248,20221030T070001,20221030T160400,407,4,222,UE2020
RR,3018,1,672,326,274,20221030T070442,20221030T160456,407,5,272,UE2020
RR,3018,1,711,361,298,20221030T070148,20221030T160246,407,10,291,UE2020
RR,3018,1,560,386,302,20221030T071106,20221030T160236,407,5,279,UE2020
RR,3018,1,620,276,226,20221030T070001,20221030T160114,407,13,226,UE2020
RR,3018,1,466,322,271,20221030T070001,20221030T160116,407,6,245,UE2020
RR,3018,1,505,327,266,20221030T070001,20221030T160107,407,4,260,UE2020
RR,3018,1,538,378,308,20221030T070001,20221030T160026,407,8,307,UE2020
RR,3018,1,547,383,323,20221030T070059,20221030T160051,407,14,308,UE2020
RR,3018,1,407,336,283,20221030T070001,20221030T160100,407,6,263,UE2020
RR,3018,1,760,316,273,20221030T070241,20221030T160215,407,5,273,UE2020
RR,3018,1,624,272,236,20221030T070001,20221030T160256,407,9,220,UE2020
RR,3018,1,588,336,263,20221030T070152,20221030T160341,407,4,245,UE2020
RR,3018,1,771,338,236,20221030T070002,20221030T160340,407,9,210,UE2020
RR,3018,1,631,342,279,20221030T070001,20221030T160209,407,4,272,UE2020
RR,3018,1,751,319,270,20221030T070001,20221030T160042,407,17,263,UE2020
RR,3018,1,670,335,288,20221030T070001,20221030T160053,407,6,277,UE2020
RR,3018,1,237,322,279,20221030T070001,20221030T160215,407,10,261,UE2020
RR,3018,1,591,220,179,20221030T070001,20221030T160112,407,5,161,UE2020
RR,3018,1,800,347,307,20221030T072104,20221030T160151,407,13,280,UE2020
RR,3018,1,518,312,252,20221030T070021,20221030T160003,407,3,252,UE2020
RR,3018,1,379,290,227,20221030T070001,20221030T160209,407,9,205,UE2020
RR,3018,1,497,397,319,20221030T070657,20221030T160206,407,11,313,UE2020
RR,3018,1,259,337,270,20221030T070001,20221030T160101,407,7,241,UE2020
RR,3018,1,680,310,268,20221030T070001,20221030T160126,407,12,268,UE2020
RR,3018,1,55,296,234,20221030T070306,20221030T160218,407,11,221,UE2020
RR,3018,1,669,299,241,20221030T070001,20221030T160748,407,4,218,UE2020
RR,3018,1,118,287,235,20221030T070001,20221030T160144,407,7,234,UE2020
RR,3018,1,650,320,269,20221030T070001,20221030T160153,407,8,255,UE2020
RR,3018,1,763,312,251,20221030T070001,20221030T160104,407,7,250,UE2020
RR,3018,1,327,347,302,20221030T070001,20221030T160117,407,4,292,UE2020
RR,3018,1,704,344,281,20221030T070001,20221030T160135,407,24,271,UE2020
RR,3018,1,46,237,191,20221030T070001,20221030T160039,407,17,184,UE2020
RR,3018,1,694,340,288,20221030T070001,20221030T160226,407,17,282,UE2020
RR,3018,1,693,351,299,20221030T070001,20221030T160313,407,14,293,UE2020
RR,3018,1,44,332,264,20221030T070001,20221030T160014,407,16,254,UE2020
RR,3018,1,767,384,313,20221030T070001,20221030T160245,407,6,198,UE2020
RR,3018,1,717,342,285,20221030T070001,20221030T160119,407,5,283,UE2020
RR,3018,1,74,293,242,20221030T070001,20221030T160034,407,9,224,UE2020
RR,3018,1,755,311,266,20221030T070001,20221030T160244,407,4,257,UE2020
RR,3018,1,649,320,272,20221030T070001,20221030T160127,407,12,272,UE2020
RR,3018,1,31,289,221,20221030T070001,20221030T160336,407,11,206,UE2020
RR,3018,1,32,376,297,20221030T070001,20221030T160212,407,3,285,UE2020
RR,3018,1,750,315,259,20221030T070001,20221030T160423,407,10,253,UE2020
RR,3018,1,744,329,269,20221030T070001,20221030T160350,407,12,264,UE2020
RR,3018,1,208,271,242,20221030T070001,20221030T160340,407,2,228,UE2020
RR,3018,1,731,336,276,20221030T070001,20221030T160116,407,7,272,UE2020
RR,3018,1,766,318,254,20221030T070131,20221030T160347,407,8,177,UE2020
RR,3018,1,584,336,266,20221030T070001,20221030T160152,407,10,253,UE2020
RR,3018,1,416,271,237,20221030T070001,20221030T160056,407,9,209,UE2020
RR,3018,1,67,337,280,20221030T070001,20221030T160046,407,13,241,UE2020
RR,3018,1,728,317,245,20221030T070001,20221030T160219,407,1,231,UE2020
RR,3018,1,575,312,262,20221030T070001,20221030T160106,407,7,211,UE2020
RR,3018,1,757,321,264,20221030T070001,20221030T160433,407,9,257,UE2020
RR,3018,1,106,292,233,20221030T070001,20221030T160023,407,12,200,UE2020
RR,3018,1,748,332,250,20221030T070001,20221030T160455,407,8,240,UE2020
RR,3018,1,634,344,296,20221030T070001,20221030T160225,407,14,289,UE2020
RR,3018,1,698,349,288,20221030T070001,20221030T160149,407,7,285,UE2020
RR,3018,1,234,278,237,20221030T070001,20221030T160627,407,4,207,UE2020
RR,3018,1,725,318,277,20221030T070041,20221030T160137,407,10,270,UE2020
RR,3018,1,633,340,296,20221030T070001,20221030T160135,407,15,294,UE2020
RR,3018,1,626,271,218,20221030T070001,20221030T160307,407,12,208,UE2020
RR,3018,1,665,291,242,20221030T070001,20221030T160158,407,2,211,UE2020
RR,3018,1,289,308,264,20221030T070001,20221030T160035,407,2,255,UE2020
RR,3018,1,621,249,211,20221030T070421,20221030T160337,407,4,198,UE2020
RR,3018,1,3,300,248,20221030T070001,20221030T160111,407,10,248,UE2020
RR,3018,1,28,294,240,20221030T070435,20221030T160330,407,13,228,UE2020
RR,3018,1,50,285,217,20221030T070001,20221030T160955,407,9,209,UE2020
RR,3018,1,653,320,277,20221030T070001,20221030T160116,407,8,269,UE2020
RR,3018,1,692,349,285,20221030T070108,20221030T161550,407,21,281,UE2020
RR,3018,1,684,380,315,20221030T070001,20221030T160132,407,12,303,UE2020
RR,3018,1,80,210,170,20221030T070151,20221030T160527,407,6,160,UE2020
RR,3018,1,546,341,262,20221030T070006,20221030T160041,407,7,258,UE2020
RR,3018,1,180,327,273,20221030T070002,20221030T160124,407,15,267,UE2020
RR,3018,1,290,284,233,20221030T070001,20221030T160318,407,7,204,UE2020
RR,3018,1,177,218,179,20221030T070001,20221030T160413,407,0,179,UE2020
RR,3018,1,617,290,256,20221030T070001,20221030T160048,407,8,256,UE2020
RR,3018,1,798,348,299,20221030T070001,20221030T160259,407,8,269,UE2020
RR,3018,1,524,382,320,20221030T070001,20221030T160212,407,11,296,UE2020
RR,3018,1,70,238,198,20221030T070001,20221030T160109,407,12,198,UE2020
RR,3018,1,100,242,176,20221030T070001,20221030T160516,407,4,170,UE2020
RR,3018,1,580,339,257,20221030T070107,20221030T160948,407,11,249,UE2020
RR,3018,1,574,322,279,20221030T070001,20221030T160140,407,2,279,UE2020
RR,3018,1,87,233,180,20221030T070001,20221030T160214,407,10,167,UE2020
RR,3018,1,26,333,281,20221030T070001,20221030T160057,407,17,272,UE2020
RR,3018,1,56,369,310,20221030T070001,20221030T160053,407,12,310,UE2020
RR,3018,1,38,315,258,20221030T070001,20221030T160322,407,22,246,UE2020
RR,3018,1,793,347,269,20221030T070001,20221030T160519,407,2,143,UE2020
RR,3018,1,571,328,284,20221030T070001,20221030T160005,407,9,284,UE2020
RR,3018,1,91,293,242,20221030T070001,20221030T160158,407,13,236,UE2020
RR,3018,1,76,353,285,20221030T070001,20221030T160314,407,16,285,UE2020
RR,3018,1,204,238,198,20221030T070001,20221030T160039,407,6,196,UE2020
RR,3018,1,647,317,265,20221030T070001,20221030T160243,407,17,261,UE2020
RR,3018,1,529,180,140,20221030T070001,20221030T160324,407,2,140,UE2020
RR,3018,1,93,250,208,20221030T070001,20221030T160131,407,8,198,UE2020
RR,3018,1,790,114,108,20221030T070001,20221030T160013,407,1,49,UE2020
RR,3018,1,628,268,219,20221030T070001,20221030T160149,407,1,199,UE2020
RR,3018,1,309,336,280,20221030T070001,20221030T160026,407,1,250,UE2020
RR,3018,1,35,361,311,20221030T070220,20221030T160300,407,20,309,UE2020
RR,3018,1,689,264,239,20221030T070105,20221030T160113,407,5,227,UE2020
RR,3018,1,6,302,246,20221030T070001,20221030T160025,407,4,206,UE2020
RR,3018,1,548,323,237,20221030T070001,20221030T160115,407,6,220,UE2020
RR,3018,1,745,327,270,20221030T070001,20221030T160241,407,5,261,UE2020
RR,3018,1,176,217,173,20221030T070001,20221030T160026,407,5,170,UE2020
RR,3018,1,734,217,154,20221030T070001,20221030T160213,407,5,136,UE2020
RR,3018,1,551,333,285,20221030T070001,20221030T160156,407,13,279,UE2020
RR,3018,1,187,247,204,20221030T070001,20221030T160225,407,10,195,UE2020
RR,3018,1,770,333,266,20221030T070001,20221030T160120,407,7,161,UE2020
RR,3018,1,206,292,240,20221030T070001,20221030T160156,407,9,234,UE2020
RR,3018,1,533,348,287,20221030T070001,20221030T160026,407,12,281,UE2020
RR,3018,1,657,281,229,20221030T070203,20221030T160112,407,1,228,UE2020
RR,3018,1,699,340,292,20221030T070001,20221030T160304,407,6,284,UE2020
RR,3018,1,724,321,258,20221030T070001,20221030T160157,407,5,242,UE2020
RR,3018,1,179,294,243,20221030T070001,20221030T160017,407,6,231,UE2020
RR,3018,1,117,347,284,20221030T070001,20221030T160149,407,7,278,UE2020
RR,3018,1,572,319,274,20221030T070001,20221030T160119,407,8,231,UE2020
RR,3018,1,519,328,263,20221030T070001,20221030T160402,407,5,236,UE2020
RR,3018,1,65,360,284,20221030T070301,20221030T160204,407,16,284,UE2020
RR,3018,1,40,351,255,20221030T070001,20221030T160153,407,14,234,UE2020
RR,3018,1,535,344,255,20221030T070001,20221030T160309,407,8,247,UE2020
RR,3018,1,477,318,251,20221030T070001,20221030T160037,407,9,234,UE2020
RR,3018,1,762,325,283,20221030T070001,20221030T160303,407,9,282,UE2020
RR,3018,1,664,297,253,20221030T070001,20221030T160324,407,1,223,UE2020
RR,3018,1,605,307,241,20221030T070034,20221030T160205,407,7,227,UE2020
RR,3018,1,20,211,175,20221030T070001,20221030T160243,407,11,175,UE2020
RR,3018,1,654,318,254,20221030T070001,20221030T160108,407,13,213,UE2020
RR,3018,1,677,345,286,20221030T070001,20221030T160228,407,9,286,UE2020
RR,3018,1,764,322,264,20221030T070001,20221030T160252,407,8,264,UE2020
RR,3018,1,708,342,288,20221030T070001,20221030T160211,407,10,271,UE2020
RR,3018,1,378,280,224,20221030T070219,20221030T160808,407,9,202,UE2020
RR,3018,1,789,187,160,20221030T070820,20221030T160559,407,4,53,UE2020
RR,3018,1,421,314,262,20221030T070001,20221030T160131,407,11,262,UE2020
RR,3018,1,618,289,248,20221030T070007,20221030T160216,407,7,248,UE2020
RR,3018,1,586,338,278,20221030T070001,20221030T160025,407,5,267,UE2020
RR,3018,1,37,353,288,20221030T070001,20221030T160300,407,16,287,UE2020
RR,3018,1,779,348,295,20221030T070001,20221030T160236,407,0,158,UE2020
RR,3018,1,695,345,285,20221030T070001,20221030T160317,407,2,277,UE2020
RR,3018,1,646,317,266,20221030T070001,20221030T160110,407,6,260,UE2020
RR,3018,1,525,348,269,20221030T070001,20221030T160546,407,5,256,UE2020
RR,3018,1,467,274,235,20221030T070001,20221030T160129,407,4,205,UE2020
RR,3018,1,673,329,253,20221030T070001,20221030T160040,407,5,248,UE2020
RR,3018,1,589,335,259,20221030T070001,20221030T160155,407,10,244,UE2020
RR,3018,1,200,326,260,20221030T070001,20221030T160211,407,12,252,UE2020
RR,3018,1,792,108,97,20221030T070001,20221030T160110,407,5,49,UE2020
RR,3018,1,98,299,240,20221030T070329,20221030T160222,407,9,233,UE2020
RR,3018,1,295,200,164,20221030T071026,20221030T160111,407,5,134,UE2020
RR,3018,1,611,305,246,20221030T070001,20221030T160126,407,5,236,UE2020
RR,3018,1,211,220,181,20221030T070001,20221030T160542,407,4,181,UE2020
RR,3018,1,715,339,278,20221030T070001,20221030T160412,407,6,268,UE2020
RR,3018,1,732,338,274,20221030T070001,20221030T160416,407,10,271,UE2020
RR,3018,1,534,221,187,20221030T070001,20221030T160135,407,8,187,UE2020
RR,3018,1,683,374,299,20221030T070928,20221030T160942,407,9,288,UE2020
RR,3018,1,685,361,274,20221030T070001,20221030T160355,407,4,263,UE2020
RR,3018,1,581,337,288,20221030T070001,20221030T160020,407,4,274,UE2020
RR,3018,1,769,347,251,20221030T070001,20221030T160140,407,1,248,UE2020
RR,3018,1,22,297,233,20221030T070001,20221030T160302,407,13,224,UE2020
RR,3018,1,363,214,179,20221030T070001,20221030T160200,407,7,179,UE2020
RR,3018,1,656,297,250,20221030T070512,20221030T160054,407,15,249,UE2020
RR,3018,1,598,211,186,20221030T070001,20221030T160043,407,2,179,UE2020
RR,3018,1,231,284,233,20221030T070001,20221030T160209,407,4,211,UE2020
RR,3018,1,340,268,223,20221030T070001,20221030T160024,407,2,208,UE2020
RR,3018,1,202,392,311,20221030T070001,20221030T160344,407,8,292,UE2020
RR,3018,1,355,355,290,20221030T070001,20221030T160039,407,14,282,UE2020
RR,3018,1,24,210,178,20221030T070001,20221030T160105,407,5,178,UE2020
RR,3018,1,729,323,266,20221030T070001,20221030T160103,407,7,260,UE2020
RR,3018,1,233,308,268,20221030T070407,20221030T160107,407,11,231,UE2020
RR,3018,1,64,338,282,20221030T070001,20221030T160027,407,8,243,UE2020
RR,3018,1,563,337,261,20221030T070001,20221030T160225,407,8,253,UE2020
RR,3018,1,239,291,233,20221030T070912,20221030T160813,407,6,216,UE2020
RR,3018,1,333,256,224,20221030T070001,20221030T160020,407,12,215,UE2020
RR,3018,1,334,316,263,20221030T070001,20221030T160120,407,9,254,UE2020
RR,3018,1,749,325,245,20221030T070047,20221030T160353,407,3,239,UE2020
RR,3018,1,23,336,272,20221030T070001,20221030T160100,407,19,263,UE2020
RR,3018,1,623,276,226,20221030T070001,20221030T160121,407,7,212,UE2020
RR,3018,1,212,209,176,20221030T070001,20221030T160021,407,9,174,UE2020
RR,3018,1,169,211,188,20221030T070001,20221030T160059,407,6,180,UE2020
RR,3018,1,687,266,215,20221030T070001,20221030T160156,407,7,200,UE2020
RR,3018,1,655,290,235,20221030T070001,20221030T160050,407,5,234,UE2020
RR,3018,1,691,263,219,20221030T070001,20221030T160202,407,17,208,UE2020
RR,3018,1,105,242,201,20221030T070002,20221030T160128,407,5,194,UE2020
RR,3018,1,635,323,275,20221030T070111,20221030T160608,407,6,273,UE2020
RR,3018,1,276,295,249,20221030T070852,20221030T160155,407,10,236,UE2020
RR,3018,1,743,327,273,20221030T070001,20221030T160119,407,5,266,UE2020
RR,3018,1,697,343,290,20221030T070001,20221030T160154,407,11,284,UE2020
RR,3018,1,71,246,209,20221030T070001,20221030T160034,407,16,209,UE2020
RR,3018,1,678,334,285,20221030T070001,20221030T160252,407,8,285,UE2020
RR,3018,1,761,321,273,20221030T070001,20221030T160224,407,6,272,UE2020
RR,3018,1,181,338,289,20221030T070001,20221030T160222,407,15,288,UE2020
RR,3018,1,49,290,239,20221030T070001,20221030T160130,407,13,220,UE2020
RR,3018,1,79,165,145,20221030T070001,20221030T160057,407,12,145,UE2020
RR,3018,1,328,248,201,20221030T070001,20221030T160101,407,12,193,UE2020
RR,3018,1,383,293,238,20221030T070001,20221030T160142,407,12,211,UE2020
RR,3018,1,578,336,281,20221030T070001,20221030T160145,407,9,272,UE2020
RR,3018,1,590,335,252,20221030T070001,20221030T160152,407,8,233,UE2020
RR,3018,1,607,302,248,20221030T070001,20221030T160302,407,6,245,UE2020
RR,3018,1,513,334,269,20221030T070001,20221030T160704,407,4,264,UE2020
RR,3018,1,30,290,223,20221030T070001,20221030T160230,407,11,207,UE2020
RR,3018,1,222,272,232,20221030T070001,20221030T160507,407,9,211,UE2020
RR,3018,1,475,284,244,20221030T070036,20221030T160217,407,8,227,UE2020
RR,3018,1,517,361,287,20221030T070001,20221030T160109,407,15,281,UE2020
RR,3018,1,775,369,303,20221030T070001,20221030T160303,407,6,229,UE2020
RR,3018,1,54,296,236,20221030T070319,20221030T160054,407,11,223,UE2020
RR,3018,1,381,273,226,20221030T070001,20221030T160031,407,7,208,UE2020
RR,3018,1,85,300,240,20221030T070001,20221030T160115,407,8,230,UE2020
RR,3018,1,29,293,236,20221030T070001,20221030T160653,407,7,222,UE2020
RR,3018,1,242,251,208,20221030T070001,20221030T160235,407,4,196,UE2020
RR,3018,1,514,317,251,20221030T070001,20221030T160334,407,7,251,UE2020
RR,3018,1,43,333,279,20221030T070001,20221030T160110,407,22,257,UE2020
RR,3018,1,52,298,248,20221030T070605,20221030T160112,407,12,230,UE2020
RR,3018,1,632,347,283,20221030T070001,20221030T160937,407,9,272,UE2020
RR,3018,1,593,216,178,20221030T070357,20221030T160140,407,13,169,UE2020
RR,3018,1,221,323,273,20221030T070001,20221030T160149,407,10,238,UE2020
RR,3018,1,637,349,289,20221030T070619,20221030T160309,407,13,282,UE2020
RR,3018,1,675,339,289,20221030T070001,20221030T160310,407,11,289,UE2020
RR,3018,1,595,218,173,20221030T070001,20221030T160131,407,8,163,UE2020
RR,3018,1,262,268,229,20221030T070001,20221030T160115,407,6,214,UE2020
RR,3018,1,594,217,179,20221030T070001,20221030T160049,407,8,168,UE2020
RR,3018,1,604,307,240,20221030T070001,20221030T160155,407,21,237,UE2020
RR,3018,1,703,297,232,20221030T070001,20221030T160257,407,10,223,UE2020
RR,3018,1,341,240,198,20221030T070001,20221030T160025,407,7,197,UE2020
RR,3018,1,676,342,294,20221030T070001,20221030T160247,407,6,294,UE2020
RR,3018,1,630,272,219,20221030T070001,20221030T160348,407,3,204,UE2020
RR,3018,1,77,298,254,20221030T070021,20221030T160031,407,7,242,UE2020
RR,3018,1,701,295,249,20221030T070001,20221030T160224,407,10,241,UE2020
RR,3018,1,645,333,250,20221030T070001,20221030T160357,407,7,248,UE2020
RR,3018,1,156,395,325,20221030T070622,20221030T160037,407,14,313,UE2020
RR,3018,1,82,384,313,20221030T070001,20221030T160201,407,30,294,UE2020
RR,3018,1,418,328,262,20221030T070001,20221030T160232,407,1,241,UE2020
RR,3018,1,377,333,288,20221030T070001,20221030T160059,407,13,265,UE2020
RR,3018,1,781,340,278,20221030T070041,20221030T160111,407,2,124,UE2020
RR,3018,1,532,332,256,20221030T070001,20221030T160156,407,2,247,UE2020
RR,3018,1,170,333,258,20221030T070001,20221030T160200,407,12,242,UE2020
RR,3018,1,72,237,194,20221030T070001,20221030T160011,407,22,194,UE2020
RR,3018,1,671,338,281,20221030T070232,20221030T160823,407,8,270,UE2020
RR,3018,1,641,332,265,20221030T070001,20221030T160652,407,8,250,UE2020
RR,3018,1,59,326,254,20221030T070001,20221030T160723,407,11,235,UE2020
RR,3018,1,662,302,247,20221030T070001,20221030T160227,407,5,221,UE2020
RR,3018,1,317,265,233,20221030T070001,20221030T160012,407,9,198,UE2020
RR,3018,1,686,262,213,20221030T070001,20221030T160245,407,5,199,UE2020
RR,3018,1,736,268,234,20221030T070001,20221030T160144,407,7,233,UE2020
RR,3018,1,640,342,289,20221030T070001,20221030T160157,407,3,286,UE2020
RR,3018,1,786,175,152,20221030T070001,20221030T160201,407,0,52,UE2020
RR,3018,1,679,296,223,20221030T070001,20221030T160117,407,6,195,UE2020
RR,3018,1,726,310,264,20221030T070043,20221030T160025,407,7,249,UE2020
RR,3018,1,410,292,245,20221030T070001,20221030T160234,407,6,226,UE2020
RR,3018,1,101,242,204,20221030T070001,20221030T160417,407,5,187,UE2020
RR,3018,1,226,334,276,20221030T070001,20221030T160105,407,10,255,UE2020
RR,3018,1,288,180,150,20221030T070449,20221030T160156,407,4,150,UE2020
RR,3018,1,648,321,269,20221030T070001,20221030T160305,407,4,260,UE2020
RR,3018,1,531,344,256,20221030T070549,20221030T160245,407,2,245,UE2020
RR,3018,1,5,301,243,20221030T070001,20221030T160318,407,12,208,UE2020
RR,3018,1,78,286,222,20221030T070001,20221030T160007,407,5,203,UE2020
RR,3018,1,564,334,243,20221030T070001,20221030T160208,407,8,233,UE2020
RR,3018,1,577,335,278,20221030T070001,20221030T160539,407,1,270,UE2020
RR,3018,1,2,309,245,20221030T070001,20221030T160349,407,12,245,UE2020
RR,3018,1,185,355,272,20221030T070001,20221030T160154,407,15,272,UE2020
RR,3018,1,92,248,196,20221030T070001,20221030T160151,407,7,186,UE2020
RR,3018,1,606,299,239,20221030T070001,20221030T160338,407,6,234,UE2020
RR,3018,1,512,332,267,20221030T070001,20221030T160113,407,4,260,UE2020
RR,3018,1,553,336,272,20221030T071235,20221030T160213,407,17,253,UE2020
RR,3018,1,741,331,277,20221030T070102,20221030T160749,407,8,273,UE2020
RR,3018,1,780,145,135,20221030T070001,20221030T160108,407,1,62,UE2020
RR,3018,1,603,306,243,20221030T070001,20221030T160322,407,15,237,UE2020
RR,3018,1,746,332,271,20221030T070001,20221030T160138,407,10,265,UE2020
RR,3018,1,625,272,219,20221030T070001,20221030T160119,407,4,202,UE2020
RR,3018,1,738,330,275,20221030T070001,20221030T160105,407,13,275,UE2020
RR,3018,1,585,332,274,20221030T070001,20221030T160042,407,6,258,UE2020
RR,3018,1,714,344,293,20221030T070001,20221030T160356,407,12,289,UE2020
RR,3018,1,629,269,219,20221030T070001,20221030T160138,407,2,209,UE2020
RR,3018,1,592,218,179,20221030T070339,20221030T160112,407,16,167,UE2020
RR,3018,1,42,393,326,20221030T070515,20221030T160235,407,11,317,UE2020
RR,3018,1,63,372,297,20221030T070001,20221030T160141,407,8,297,UE2020
RR,3018,1,576,332,266,20221030T070001,20221030T160023,407,15,256,UE2020
RR,3018,1,658,277,220,20221030T070548,20221030T160138,407,8,220,UE2020
RR,3018,1,716,347,277,20221030T070001,20221030T160415,407,6,274,UE2020
RR,3018,1,4,299,253,20221030T070001,20221030T160030,407,14,214,UE2020
RR,3018,1,754,318,272,20221030T070108,20221030T160455,407,7,266,UE2020
RR,3018,1,627,267,227,20221030T070238,20221030T160150,407,5,217,UE2020
RR,3018,1,48,288,237,20221030T070001,20221030T160317,407,18,220,UE2020
RR,3018,1,643,334,261,20221030T070001,20221030T160542,407,7,260,UE2020
RR,3018,1,25,208,171,20221030T070001,20221030T160327,407,15,168,UE2020
RR,3018,1,797,30,25,20221030T070001,20221030T160014,407,0,24,UE2020
RR,3018,1,742,326,276,20221030T070001,20221030T160731,407,11,263,UE2020
RR,3018,1,472,285,225,20221030T070001,20221030T160308,407,9,192,UE2020
RR,3018,1,171,284,239,20221030T070001,20221030T160027,407,7,229,UE2020
RR,3018,1,600,217,173,20221030T070001,20221030T160055,407,12,165,UE2020
RR,3018,1,597,218,182,20221030T070001,20221030T160110,407,6,176,UE2020
RR,3018,1,705,341,289,20221030T070001,20221030T160221,407,9,270,UE2020
RR,3018,1,183,300,256,20221030T070616,20221030T160150,407,10,239,UE2020
RR,3018,1,681,293,236,20221030T070001,20221030T160119,407,11,210,UE2020
RR,3018,1,785,344,299,20221030T070001,20221030T160314,407,1,145,UE2020
RR,3018,1,579,340,263,20221030T070001,20221030T160021,407,17,255,UE2020
RR,3018,1,642,341,278,20221030T070001,20221030T160045,407,5,273,UE2020
RR,3018,1,723,318,266,20221030T070130,20221030T160244,407,7,254,UE2020
RR,3018,1,316,283,236,20221030T070527,20221030T160055,407,6,202,UE2020
RR,3018,1,730,324,262,20221030T070305,20221030T160706,407,23,257,UE2020
RR,3018,1,210,272,224,20221030T070542,20221030T160211,407,1,212,UE2020
RR,3018,1,644,342,279,20221030T070031,20221030T160449,407,0,279,UE2020
RR,3018,1,45,337,265,20221030T070001,20221030T160214,407,35,254,UE2020
RR,3018,1,582,330,263,20221030T070001,20221030T160108,407,4,254,UE2020
RR,3018,1,201,237,201,20221030T070612,20221030T160222,407,8,192,UE2020
RR,3018,1,68,278,226,20221030T070402,20221030T160301,407,19,225,UE2020
RR,3018,1,740,247,208,20221030T070001,20221030T160143,407,6,208,UE2020
RR,3018,1,361,359,288,20221030T070259,20221030T160215,407,13,286,UE2020
RR,3018,1,652,321,248,20221030T070036,20221030T160405,407,10,204,UE2020
RR,3018,1,707,342,282,20221030T070001,20221030T160234,407,2,276,UE2020
RR,3018,1,537,325,283,20221030T070001,20221030T160112,407,8,259,UE2020
RR,3018,1,659,281,223,20221030T070001,20221030T160257,407,12,223,UE2020
RR,3018,1,81,252,205,20221030T070001,20221030T160248,407,11,198,UE2020
RR,3018,5,104,368,310,20221030T070249,20221030T160151,407,16,305,UE2020
RR,3018,5,125,327,240,20221030T070247,20221030T160227,407,22,240,UE2020
RR,3018,5,397,293,218,20221030T070001,20221030T160014,407,4,206,UE2020
RR,3018,5,145,333,249,20221030T070411,20221030T160244,407,10,248,UE2020
RR,3018,5,429,116,103,20221030T071055,20221030T160305,407,6,98,UE2020
RR,3018,5,433,336,251,20221030T070001,20221030T160335,407,2,201,UE2020
RR,3018,5,610,324,245,20221030T070001,20221030T160118,407,1,200,UE2020
RR,3018,5,150,337,280,20221030T070001,20221030T160018,407,17,276,UE2020
RR,3018,5,189,355,249,20221030T070001,20221030T160216,407,14,244,UE2020
RR,3018,5,110,332,269,20221030T070022,20221030T160319,407,9,256,UE2020
RR,3018,5,366,332,281,20221030T070406,20221030T160056,407,10,281,UE2020
RR,3018,5,134,371,291,20221030T070001,20221030T160020,407,13,284,UE2020
RR,3018,5,9,348,266,20221030T070001,20221030T160555,407,4,262,UE2020
RR,3018,5,142,330,272,20221030T070326,20221030T160029,407,5,267,UE2020
RR,3018,5,389,326,254,20221030T070001,20221030T160544,407,12,254,UE2020
RR,3018,5,241,368,295,20221030T072053,20221030T160053,407,6,289,UE2020
RR,3018,5,33,386,307,20221030T070001,20221030T160343,407,12,268,UE2020
RR,3018,5,350,396,308,20221030T070001,20221030T160514,407,9,269,UE2020
RR,3018,5,639,334,246,20221030T070001,20221030T160446,407,3,99,UE2020
RR,3018,5,409,340,247,20221030T070001,20221030T160414,407,5,236,UE2020
RR,3018,5,463,246,180,20221030T070001,20221030T160201,407,5,131,UE2020
RR,3018,5,369,340,278,20221030T070013,20221030T160058,407,12,259,UE2020
RR,3018,5,1,339,267,20221030T070001,20221030T160208,407,15,242,UE2020
RR,3018,5,326,337,278,20221030T070001,20221030T160207,407,12,278,UE2020
RR,3018,5,299,358,269,20221030T070001,20221030T160142,407,14,255,UE2020
RR,3018,5,473,366,256,20221030T070001,20221030T160337,407,2,243,UE2020
RR,3018,5,674,346,271,20221030T070001,20221030T160324,407,3,102,UE2020
RR,3018,5,149,337,267,20221030T070001,20221030T160153,407,5,254,UE2020
RR,3018,5,282,316,233,20221030T070001,20221030T160038,407,12,232,UE2020
RR,3018,5,622,357,209,20221030T070001,20221030T160229,407,5,203,UE2020
RR,3018,5,616,339,244,20221030T070001,20221030T160507,407,4,200,UE2020
RR,3018,5,13,334,258,20221030T070001,20221030T160420,407,8,258,UE2020
RR,3018,5,130,321,253,20221030T070001,20221030T160119,407,13,235,UE2020
RR,3018,5,667,222,168,20221030T070001,20221030T160328,407,2,59,UE2020
RR,3018,5,135,368,283,20221030T070001,20221030T160042,407,8,270,UE2020
RR,3018,5,225,391,296,20221030T070134,20221030T160250,407,6,243,UE2020
RR,3018,5,111,327,273,20221030T070228,20221030T160130,407,2,262,UE2020
RR,3018,5,438,304,241,20221030T070006,20221030T160559,407,1,146,UE2020
RR,3018,5,380,343,271,20221030T070001,20221030T160312,407,1,269,UE2020
RR,3018,5,430,243,182,20221030T070001,20221030T160316,407,0,128,UE2020
RR,3018,5,367,323,242,20221030T070001,20221030T160152,407,12,242,UE2020
RR,3018,5,660,288,236,20221030T070001,20221030T161057,407,12,117,UE2020
RR,3018,5,127,329,258,20221030T070653,20221030T160307,407,11,242,UE2020
RR,3018,5,342,368,307,20221030T070001,20221030T160143,407,11,294,UE2020
RR,3018,5,252,369,268,20221030T070001,20221030T160209,407,5,210,UE2020
RR,3018,5,460,351,268,20221030T070001,20221030T160153,407,3,252,UE2020
RR,3018,5,337,349,284,20221030T070001,20221030T160154,407,6,271,UE2020
RR,3018,5,249,325,260,20221030T070059,20221030T160419,407,7,256,UE2020
RR,3018,5,302,328,257,20221030T070107,20221030T160333,407,2,242,UE2020
RR,3018,5,235,329,279,20221030T070001,20221030T160035,407,3,258,UE2020
RR,3018,5,385,339,252,20221030T070232,20221030T160102,407,7,244,UE2020
RR,3018,5,322,380,265,20221030T070001,20221030T160235,407,7,262,UE2020
RR,3018,5,291,357,253,20221030T072529,20221030T160546,407,10,243,UE2020
RR,3018,5,284,338,257,20221030T070425,20221030T160145,407,1,223,UE2020
RR,3018,5,266,369,280,20221030T070001,20221030T160042,407,8,270,UE2020
RR,3018,5,182,351,296,20221030T070001,20221030T160137,407,5,284,UE2020
RR,3018,5,301,340,230,20221030T070001,20221030T160339,407,6,180,UE2020
RR,3018,5,287,320,248,20221030T070255,20221030T160237,407,2,246,UE2020
RR,3018,5,399,353,258,20221030T070001,20221030T161300,407,6,237,UE2020
RR,3018,5,387,317,259,20221030T070001,20221030T160233,407,7,253,UE2020
RR,3018,5,320,306,238,20221030T070346,20221030T160053,407,7,229,UE2020
RR,3018,5,7,364,279,20221030T070001,20221030T160238,407,6,273,UE2020
RR,3018,5,245,330,265,20221030T070001,20221030T160203,407,6,248,UE2020
RR,3018,5,112,322,266,20221030T070001,20221030T160457,407,6,248,UE2020
RR,3018,5,41,140,110,20221030T070001,20221030T160048,407,1,101,UE2020
RR,3018,5,167,335,275,20221030T070001,20221030T161029,407,9,274,UE2020
RR,3018,5,638,344,254,20221030T070001,20221030T160210,407,4,100,UE2020
RR,3018,5,394,315,251,20221030T070001,20221030T160558,407,10,251,UE2020
RR,3018,5,348,330,251,20221030T070411,20221030T160207,407,5,229,UE2020
RR,3018,5,270,371,306,20221030T070001,20221030T160645,407,14,301,UE2020
RR,3018,5,109,328,262,20221030T070001,20221030T160526,407,25,242,UE2020
RR,3018,5,476,299,230,20221030T070557,20221030T160038,407,5,174,UE2020
RR,3018,5,39,265,204,20221030T070001,20221030T160030,407,5,197,UE2020
RR,3018,5,257,331,259,20221030T070001,20221030T160435,407,6,254,UE2020
RR,3018,5,406,327,252,20221030T070506,20221030T161051,407,5,239,UE2020
RR,3018,5,314,347,261,20221030T070301,20221030T160146,407,13,260,UE2020
RR,3018,5,651,204,181,20221030T070001,20221030T160157,407,3,83,UE2020
RR,3018,5,315,312,239,20221030T070001,20221030T160413,407,10,210,UE2020
RR,3018,5,174,342,264,20221030T070347,20221030T160225,407,6,263,UE2020
RR,3018,5,436,334,261,20221030T070001,20221030T160709,407,9,229,UE2020
RR,3018,5,425,299,220,20221030T070001,20221030T160110,407,7,159,UE2020
RR,3018,5,133,368,282,20221030T070001,20221030T160627,407,12,267,UE2020
RR,3018,5,424,344,255,20221030T070001,20221030T160724,407,9,232,UE2020
RR,3018,5,466,162,80,20221030T071202,20221030T160235,407,2,75,UE2020
RR,3018,5,280,165,139,20221030T070001,20221030T160027,407,7,128,UE2020
RR,3018,5,165,334,266,20221030T070221,20221030T160528,407,9,266,UE2020
RR,3018,5,407,352,289,20221030T070139,20221030T160636,407,13,283,UE2020
RR,3018,5,132,372,276,20221030T070001,20221030T160213,407,5,258,UE2020
RR,3018,5,624,351,266,20221030T070001,20221030T160605,407,3,261,UE2020
RR,3018,5,12,320,258,20221030T070001,20221030T160049,407,15,257,UE2020
RR,3018,5,631,338,271,20221030T070001,20221030T160528,407,8,168,UE2020
RR,3018,5,191,362,265,20221030T070001,20221030T160203,407,7,255,UE2020
RR,3018,5,442,331,249,20221030T070001,20221030T160100,407,1,148,UE2020
RR,3018,5,449,332,231,20221030T070001,20221030T160108,407,3,178,UE2020
RR,3018,5,379,344,286,20221030T070411,20221030T160311,407,13,281,UE2020
RR,3018,5,450,341,249,20221030T070001,20221030T160302,407,1,249,UE2020
RR,3018,5,354,318,256,20221030T070027,20221030T160102,407,17,256,UE2020
RR,3018,5,141,331,262,20221030T070001,20221030T160104,407,7,241,UE2020
RR,3018,5,434,326,233,20221030T070001,20221030T160338,407,7,233,UE2020
RR,3018,5,118,360,304,20221030T070001,20221030T160250,407,7,298,UE2020
RR,3018,5,650,342,275,20221030T070001,20221030T160215,407,1,100,UE2020
RR,3018,5,121,357,287,20221030T070001,20221030T160022,407,15,283,UE2020
RR,3018,5,327,336,254,20221030T070001,20221030T160234,407,3,243,UE2020
RR,3018,5,364,341,281,20221030T071018,20221030T160308,407,14,279,UE2020
RR,3018,5,119,350,281,20221030T070001,20221030T160219,407,12,273,UE2020
RR,3018,5,353,343,275,20221030T070001,20221030T160051,407,9,259,UE2020
RR,3018,5,44,378,303,20221030T070001,20221030T160224,407,12,257,UE2020
RR,3018,5,432,294,223,20221030T070626,20221030T160419,407,5,111,UE2020
RR,3018,5,649,421,338,20221030T070404,20221030T160120,407,3,135,UE2020
RR,3018,5,32,328,252,20221030T070001,20221030T160221,407,13,241,UE2020
RR,3018,5,372,341,276,20221030T070001,20221030T160113,407,9,273,UE2020
RR,3018,5,416,359,254,20221030T070001,20221030T160353,407,5,249,UE2020
RR,3018,5,457,314,238,20221030T070001,20221030T160110,407,6,187,UE2020
RR,3018,5,184,354,314,20221030T070001,20221030T160604,407,14,306,UE2020
RR,3018,5,468,345,271,20221030T070001,20221030T160719,407,6,258,UE2020
RR,3018,5,220,359,253,20221030T070001,20221030T160302,407,6,251,UE2020
RR,3018,5,480,370,247,20221030T070001,20221030T160243,407,8,233,UE2020
RR,3018,5,358,355,272,20221030T070001,20221030T160127,407,10,270,UE2020
RR,3018,5,236,376,275,20221030T070001,20221030T160442,407,7,269,UE2020
RR,3018,5,443,352,272,20221030T070001,20221030T160912,407,6,263,UE2020
RR,3018,5,448,320,247,20221030T070214,20221030T160421,407,5,214,UE2020
RR,3018,5,626,127,89,20221030T070505,20221030T160516,407,2,87,UE2020
RR,3018,5,456,315,238,20221030T070250,20221030T160147,407,5,138,UE2020
RR,3018,5,356,358,299,20221030T070001,20221030T160058,407,10,290,UE2020
RR,3018,5,386,336,268,20221030T070001,20221030T160106,407,2,267,UE2020
RR,3018,5,289,347,267,20221030T070001,20221030T160330,407,6,261,UE2020
RR,3018,5,621,353,264,20221030T070001,20221030T160110,407,5,263,UE2020
RR,3018,5,3,337,270,20221030T070001,20221030T160653,407,8,250,UE2020
RR,3018,5,653,310,245,20221030T070713,20221030T160926,407,7,95,UE2020
RR,3018,5,283,272,216,20221030T070001,20221030T160140,407,4,197,UE2020
RR,3018,5,617,343,243,20221030T070001,20221030T160109,407,2,192,UE2020
RR,3018,5,441,344,239,20221030T070002,20221030T160159,407,1,129,UE2020
RR,3018,5,440,345,273,20221030T070001,20221030T160431,407,6,169,UE2020
RR,3018,5,395,344,255,20221030T070001,20221030T160341,407,11,244,UE2020
RR,3018,5,217,372,269,20221030T070001,20221030T160043,407,9,262,UE2020
RR,3018,5,428,372,253,20221030T070019,20221030T160246,407,2,142,UE2020
RR,3018,5,258,356,297,20221030T070001,20221030T160313,407,14,292,UE2020
RR,3018,5,129,332,260,20221030T070401,20221030T160014,407,10,241,UE2020
RR,3018,5,250,336,267,20221030T070247,20221030T160640,407,1,237,UE2020
RR,3018,5,390,337,270,20221030T070001,20221030T160537,407,11,270,UE2020
RR,3018,5,151,339,267,20221030T070001,20221030T160051,407,10,215,UE2020
RR,3018,5,38,310,259,20221030T070001,20221030T160143,407,8,225,UE2020
RR,3018,5,609,340,255,20221030T070149,20221030T160131,407,8,254,UE2020
RR,3018,5,148,338,262,20221030T070429,20221030T160233,407,11,262,UE2020
RR,3018,5,255,341,275,20221030T070001,20221030T160209,407,14,263,UE2020
RR,3018,5,192,358,253,20221030T070001,20221030T160405,407,6,251,UE2020
RR,3018,5,144,333,267,20221030T070001,20221030T160357,407,7,267,UE2020
RR,3018,5,461,349,249,20221030T070239,20221030T160206,407,9,243,UE2020
RR,3018,5,335,338,264,20221030T070001,20221030T160402,407,6,242,UE2020
RR,3018,5,412,334,265,20221030T070001,20221030T160149,407,10,261,UE2020
RR,3018,5,408,329,270,20221030T070001,20221030T160110,407,10,270,UE2020
RR,3018,5,647,341,266,20221030T070001,20221030T160247,407,3,69,UE2020
RR,3018,5,293,364,290,20221030T070001,20221030T160259,407,5,285,UE2020
RR,3018,5,93,323,269,20221030T070001,20221030T160209,407,2,269,UE2020
RR,3018,5,309,312,257,20221030T070132,20221030T160226,407,11,247,UE2020
RR,3018,5,321,345,270,20221030T070001,20221030T160118,407,7,259,UE2020
RR,3018,5,35,376,283,20221030T070152,20221030T160038,407,7,280,UE2020
RR,3018,5,6,372,280,20221030T070001,20221030T160027,407,6,272,UE2020
RR,3018,5,437,342,254,20221030T070001,20221030T160119,407,8,205,UE2020
RR,3018,5,8,357,301,20221030T070613,20221030T160339,407,12,294,UE2020
RR,3018,5,176,367,282,20221030T070047,20221030T160246,407,7,272,UE2020
RR,3018,5,123,320,251,20221030T070440,20221030T160730,407,24,251,UE2020
RR,3018,5,330,326,247,20221030T070001,20221030T160558,407,5,247,UE2020
RR,3018,5,657,345,295,20221030T070001,20221030T160940,407,5,149,UE2020
RR,3018,5,426,287,211,20221030T070001,20221030T160132,407,4,154,UE2020
RR,3018,5,300,322,256,20221030T070001,20221030T160150,407,6,254,UE2020
RR,3018,5,329,329,265,20221030T070001,20221030T160530,407,8,251,UE2020
RR,3018,5,477,326,220,20221030T070001,20221030T160119,407,0,193,UE2020
RR,3018,5,664,272,209,20221030T070001,20221030T160222,407,0,79,UE2020
RR,3018,5,654,124,97,20221030T070001,20221030T160131,407,2,63,UE2020
RR,3018,5,677,255,196,20221030T070001,20221030T160047,407,0,91,UE2020
RR,3018,5,378,332,265,20221030T070001,20221030T160102,407,4,249,UE2020
RR,3018,5,421,122,110,20221030T070001,20221030T160134,407,2,107,UE2020
RR,3018,5,246,362,262,20221030T070001,20221030T160531,407,3,254,UE2020
RR,3018,5,618,428,311,20221030T070001,20221030T160507,407,3,268,UE2020
RR,3018,5,37,371,287,20221030T070001,20221030T160353,407,16,283,UE2020
RR,3018,5,146,336,276,20221030T070001,20221030T160230,407,5,275,UE2020
RR,3018,5,267,369,281,20221030T070001,20221030T160531,407,8,265,UE2020
RR,3018,5,398,269,195,20221030T070152,20221030T160024,407,2,195,UE2020
RR,3018,5,214,373,281,20221030T070005,20221030T160521,407,16,272,UE2020
RR,3018,5,673,291,228,20221030T070001,20221030T160138,407,1,84,UE2020
RR,3018,5,305,323,241,20221030T070001,20221030T160233,407,11,229,UE2020
RR,3018,5,136,365,273,20221030T070001,20221030T160128,407,5,263,UE2020
RR,3018,5,452,362,263,20221030T070053,20221030T160530,407,0,253,UE2020
RR,3018,5,295,353,270,20221030T070328,20221030T160146,407,2,260,UE2020
RR,3018,5,164,339,272,20221030T070001,20221030T160354,407,9,272,UE2020
RR,3018,5,15,329,257,20221030T070632,20221030T160213,407,3,235,UE2020
RR,3018,5,124,330,265,20221030T070023,20221030T161124,407,9,265,UE2020
RR,3018,5,470,337,248,20221030T070001,20221030T161340,407,3,161,UE2020
RR,3018,5,422,387,289,20221030T070001,20221030T160055,407,10,178,UE2020
RR,3018,5,431,288,201,20221030T070230,20221030T160323,407,4,188,UE2020
RR,3018,5,318,353,278,20221030T070330,20221030T160259,407,13,274,UE2020
RR,3018,5,325,350,258,20221030T070001,20221030T160409,407,4,250,UE2020
RR,3018,5,175,370,305,20221030T070001,20221030T160212,407,9,293,UE2020
RR,3018,5,363,312,258,20221030T070001,20221030T160347,407,10,257,UE2020
RR,3018,5,193,361,260,20221030T070237,20221030T160151,407,10,252,UE2020
RR,3018,5,656,348,279,20221030T070306,20221030T160302,407,5,118,UE2020
RR,3018,5,310,317,246,20221030T070001,20221030T160038,407,6,246,UE2020
RR,3018,5,340,337,271,20221030T070936,20221030T160345,407,9,245,UE2020
RR,3018,5,94,318,265,20221030T070001,20221030T160215,407,9,265,UE2020
RR,3018,5,355,367,282,20221030T070001,20221030T160515,407,4,267,UE2020
RR,3018,5,24,337,253,20221030T070016,20221030T160108,407,18,253,UE2020
RR,3018,5,140,330,270,20221030T070210,20221030T160449,407,9,257,UE2020
RR,3018,5,274,365,249,20221030T070001,20221030T160159,407,8,243,UE2020
RR,3018,5,233,330,266,20221030T070336,20221030T160258,407,10,249,UE2020
RR,3018,5,375,353,294,20221030T070001,20221030T160449,407,15,284,UE2020
RR,3018,5,334,315,246,20221030T070001,20221030T160237,407,6,245,UE2020
RR,3018,5,260,349,279,20221030T070634,20221030T160313,407,7,275,UE2020
RR,3018,5,623,315,232,20221030T070001,20221030T160229,407,3,203,UE2020
RR,3018,5,212,313,237,20221030T070531,20221030T160213,407,13,235,UE2020
RR,3018,5,478,280,217,20221030T070001,20221030T160106,407,8,151,UE2020
RR,3018,5,102,368,302,20221030T070001,20221030T160739,407,8,295,UE2020
RR,3018,5,169,355,271,20221030T070518,20221030T160056,407,4,270,UE2020
RR,3018,5,401,345,249,20221030T070001,20221030T160702,407,5,239,UE2020
RR,3018,5,661,344,276,20221030T070115,20221030T160057,407,1,120,UE2020
RR,3018,5,655,232,180,20221030T070001,20221030T160138,407,4,72,UE2020
RR,3018,5,188,314,245,20221030T070001,20221030T160056,407,10,235,UE2020
RR,3018,5,332,418,315,20221030T070001,20221030T160517,407,10,283,UE2020
RR,3018,5,278,265,229,20221030T070001,20221030T160116,407,8,209,UE2020
RR,3018,5,105,368,315,20221030T070057,20221030T160554,407,16,309,UE2020
RR,3018,5,276,373,294,20221030T070001,20221030T160442,407,7,282,UE2020
RR,3018,5,216,329,260,20221030T070001,20221030T160559,407,7,223,UE2020
RR,3018,5,360,343,295,20221030T070001,20221030T160123,407,16,295,UE2020
RR,3018,5,228,353,285,20221030T071053,20221030T160441,407,3,279,UE2020
RR,3018,5,678,157,115,20221030T070001,20221030T160211,407,2,47,UE2020
RR,3018,5,172,320,251,20221030T070001,20221030T160430,407,5,228,UE2020
RR,3018,5,338,319,252,20221030T070001,20221030T160436,407,12,252,UE2020
RR,3018,5,328,348,268,20221030T070001,20221030T160310,407,9,262,UE2020
RR,3018,5,383,356,308,20221030T070001,20221030T160052,407,15,300,UE2020
RR,3018,5,479,329,229,20221030T070001,20221030T160316,407,9,225,UE2020
RR,3018,5,368,353,303,20221030T070001,20221030T160118,407,7,303,UE2020
RR,3018,5,279,149,124,20221030T070001,20221030T160029,407,3,113,UE2020
RR,3018,5,265,359,250,20221030T070001,20221030T160455,407,4,241,UE2020
RR,3018,5,222,326,267,20221030T070001,20221030T160044,407,4,266,UE2020
RR,3018,5,475,311,221,20221030T070818,20221030T160408,407,5,212,UE2020
RR,3018,5,381,336,273,20221030T070001,20221030T160200,407,8,263,UE2020
RR,3018,5,43,259,206,20221030T070001,20221030T160113,407,13,201,UE2020
RR,3018,5,632,344,263,20221030T070001,20221030T160420,407,10,143,UE2020
RR,3018,5,311,353,254,20221030T070001,20221030T160035,407,6,251,UE2020
RR,3018,5,384,361,281,20221030T070001,20221030T160041,407,11,271,UE2020
RR,3018,5,262,331,252,20221030T070311,20221030T160207,407,1,252,UE2020
RR,3018,5,166,340,277,20221030T070234,20221030T160914,407,12,271,UE2020
RR,3018,5,215,333,280,20221030T070001,20221030T160354,407,11,233,UE2020
RR,3018,5,396,337,261,20221030T070001,20221030T160131,407,7,244,UE2020
RR,3018,5,630,341,224,20221030T070001,20221030T161315,407,3,208,UE2020
RR,3018,5,352,350,288,20221030T070001,20221030T160126,407,8,288,UE2020
RR,3018,5,418,357,277,20221030T070001,20221030T160224,407,11,273,UE2020
RR,3018,5,170,342,265,20221030T070001,20221030T160137,407,9,264,UE2020
RR,3018,5,671,161,121,20221030T070135,20221030T160021,407,4,48,UE2020
RR,3018,5,641,306,235,20221030T070001,20221030T160309,407,2,75,UE2020
RR,3018,5,662,348,277,20221030T070001,20221030T160623,407,3,119,UE2020
RR,3018,5,317,334,258,20221030T070001,20221030T160453,407,14,257,UE2020
RR,3018,5,190,361,267,20221030T070115,20221030T160352,407,9,262,UE2020
RR,3018,5,34,333,251,20221030T070534,20221030T160144,407,8,224,UE2020
RR,3018,5,243,354,298,20221030T070001,20221030T160213,407,15,287,UE2020
RR,3018,5,640,308,253,20221030T070001,20221030T160352,407,3,97,UE2020
RR,3018,5,400,300,233,20221030T070001,20221030T160530,407,7,227,UE2020
RR,3018,5,323,273,232,20221030T070445,20221030T160112,407,8,193,UE2020
RR,3018,5,679,296,244,20221030T070001,20221030T160127,407,4,127,UE2020
RR,3018,5,108,329,259,20221030T070001,20221030T160838,407,15,237,UE2020
RR,3018,5,410,326,234,20221030T070012,20221030T160112,407,6,213,UE2020
RR,3018,5,101,364,281,20221030T070121,20221030T160157,407,14,278,UE2020
RR,3018,5,288,317,247,20221030T070001,20221030T160037,407,11,224,UE2020
RR,3018,5,648,326,267,20221030T070001,20221030T160112,407,7,99,UE2020
RR,3018,5,232,375,269,20221030T070001,20221030T160224,407,7,261,UE2020
RR,3018,5,415,272,224,20221030T070105,20221030T160403,407,3,158,UE2020
RR,3018,5,5,365,280,20221030T070001,20221030T160438,407,8,272,UE2020
RR,3018,5,36,376,288,20221030T070805,20221030T160237,407,5,285,UE2020
RR,3018,5,343,325,246,20221030T070001,20221030T160306,407,6,229,UE2020
RR,3018,5,391,361,282,20221030T070001,20221030T160012,407,10,274,UE2020
RR,3018,5,10,355,273,20221030T070001,20221030T160337,407,9,268,UE2020
RR,3018,5,143,332,262,20221030T070406,20221030T160611,407,7,234,UE2020
RR,3018,5,446,389,302,20221030T070001,20221030T160317,407,12,252,UE2020
RR,3018,5,271,367,297,20221030T070001,20221030T160824,407,7,289,UE2020
RR,3018,5,128,331,266,20221030T070130,20221030T160004,407,4,246,UE2020
RR,3018,5,359,364,297,20221030T070141,20221030T160121,407,5,291,UE2020
RR,3018,5,2,337,268,20221030T070001,20221030T160338,407,12,255,UE2020
RR,3018,5,131,364,285,20221030T070001,20221030T160152,407,8,273,UE2020
RR,3018,5,185,344,300,20221030T070001,20221030T160350,407,8,291,UE2020
RR,3018,5,168,341,264,20221030T070001,20221030T160658,407,8,264,UE2020
RR,3018,5,11,355,284,20221030T070322,20221030T160218,407,9,276,UE2020
RR,3018,5,147,331,256,20221030T070751,20221030T160755,407,9,256,UE2020
RR,3018,5,313,325,248,20221030T070001,20221030T160154,407,12,212,UE2020
RR,3018,5,625,348,267,20221030T070001,20221030T160440,407,3,142,UE2020
RR,3018,5,122,320,244,20221030T070001,20221030T160654,407,8,244,UE2020
RR,3018,5,629,370,222,20221030T070022,20221030T160315,407,7,210,UE2020
RR,3018,5,439,342,250,20221030T070322,20221030T160540,407,3,143,UE2020
RR,3018,5,240,364,281,20221030T070008,20221030T160924,407,4,274,UE2020
RR,3018,5,658,266,207,20221030T070001,20221030T160423,407,4,62,UE2020
RR,3018,5,4,337,266,20221030T070001,20221030T160100,407,5,249,UE2020
RR,3018,5,248,328,262,20221030T070136,20221030T160451,407,9,259,UE2020
RR,3018,5,126,330,254,20221030T070001,20221030T160428,407,17,254,UE2020
RR,3018,5,25,323,242,20221030T070001,20221030T160156,407,4,242,UE2020
RR,3018,5,285,374,283,20221030T070813,20221030T160239,407,10,274,UE2020
RR,3018,5,331,351,283,20221030T070001,20221030T160217,407,6,278,UE2020
RR,3018,5,472,325,227,20221030T070255,20221030T160037,407,7,224,UE2020
RR,3018,5,171,361,287,20221030T070001,20221030T160027,407,0,287,UE2020
RR,3018,5,183,357,287,20221030T070001,20221030T160230,407,10,275,UE2020
RR,3018,5,393,345,277,20221030T070001,20221030T160035,407,4,272,UE2020
RR,3018,5,336,362,292,20221030T070306,20221030T160915,407,10,282,UE2020
RR,3018,5,316,336,272,20221030T070054,20221030T160250,407,17,266,UE2020
RR,3018,5,14,325,253,20221030T070818,20221030T160307,407,11,232,UE2020
RR,3018,5,210,338,258,20221030T070001,20221030T160331,407,9,226,UE2020
RR,3018,5,644,110,85,20221030T070001,20221030T160355,407,1,42,UE2020
RR,3018,5,453,345,256,20221030T070001,20221030T160018,407,2,256,UE2020
RR,3018,5,120,354,283,20221030T070001,20221030T160059,407,14,279,UE2020
RR,3018,5,173,337,260,20221030T070001,20221030T160412,407,9,260,UE2020
RR,3018,5,244,364,279,20221030T070149,20221030T160431,407,11,267,UE2020
RR,3018,5,361,342,269,20221030T070001,20221030T160627,407,12,269,UE2020
RR,3018,5,652,340,274,20221030T070130,20221030T160328,407,5,105,UE2020
RR,3018,5,474,321,229,20221030T070001,20221030T160220,407,4,212,UE2020
RR,3018,5,374,338,272,20221030T070001,20221030T160153,407,11,249,UE2020
RR,3018,5,103,367,290,20221030T070210,20221030T160031,407,12,283,UE2020
RR,3018,5,659,101,82,20221030T070305,20221030T161922,407,0,36,UE2020
RR,3042,7,33,242,173,20221030T070001,20221030T160232,407,12,157,UE2015
RR,3042,7,41,383,317,20221030T070001,20221030T160100,407,6,275,UE2015
RR,3042,7,39,374,271,20221030T070001,20221030T160035,407,5,225,UE2020
RR,3042,7,27,234,172,20221030T070001,20221030T160207,407,7,163,UE2020
RR,3042,7,86,171,122,20221030T070001,20221030T160131,407,7,106,UE2015
RR,3042,7,31,239,179,20221030T070001,20221030T160159,407,5,177,UE2015
RR,3042,7,67,238,171,20221030T070101,20221030T160550,407,3,159,UE2020
RR,3042,7,28,245,179,20221030T070001,20221030T161435,407,3,176,UE2015
RR,3042,7,97,236,162,20221030T070001,20221030T160253,407,1,152,UE2020
RR,3042,7,26,242,186,20221030T070001,20221030T160040,407,2,137,UE2020
RR,3042,7,38,99,81,20221030T074850,20221030T160946,407,4,68,UE2015
RR,3042,7,35,242,174,20221030T070001,20221030T160450,407,11,164,UE2015
RR,3042,7,98,243,157,20221030T070001,20221030T160127,407,3,112,UE2015
RR,3042,7,94,245,172,20221030T071131,20221030T160145,407,1,147,UE2015
RR,3042,7,24,245,191,20221030T070001,20221030T160217,407,12,155,UE2020
RR,3042,7,79,189,162,20221030T070001,20221030T160125,407,2,141,UE2015
RR,3042,7,30,246,187,20221030T070001,20221030T160004,407,3,176,UE2015
RR,3042,7,29,239,179,20221030T071008,20221030T160258,407,4,172,UE2015
RR,3042,7,43,331,241,20221030T070001,20221030T160138,407,4,189,UE2020
RR,3042,7,77,246,128,20221030T070001,20221030T160018,407,3,112,UE2015
RR,3042,7,82,241,161,20221030T070001,20221030T160237,407,5,158,UE2020
RR,3042,7,34,244,158,20221030T070001,20221030T160214,407,10,121,UE2015
RR,3042,7,36,218,166,20221030T070001,20221030T160252,407,6,151,UE2015
RR,3042,7,78,219,135,20221030T070001,20221030T160205,407,7,121,UE2015
RR,3042,7,42,232,179,20221030T070001,20221030T160057,407,3,178,UE2020
RR,3042,7,25,237,183,20221030T070001,20221030T160022,407,2,173,UE2020
RR,3042,7,45,175,136,20221030T070001,20221030T160215,407,1,117,UE2015
RR,3026,6,9,259,202,20221030T070001,20221030T160306,407,9,178,UE2020
RR,3026,6,1,236,196,20221030T070001,20221030T160047,407,9,196,UE2020
RR,3026,6,13,258,189,20221030T070001,20221030T160332,407,10,169,UE2020
RR,3026,6,7,210,155,20221030T070022,20221030T160100,407,14,142,UE2013
RR,3026,6,12,252,205,20221030T070002,20221030T160331,407,8,176,UE2020
RR,3026,6,86,298,179,20221030T070001,20221030T161035,407,9,158,UE2015
RR,3026,6,19,294,214,20221030T070001,20221030T160831,407,5,193,UE2020
RR,3026,6,3,219,173,20221030T070001,20221030T160050,407,9,172,UE2020
RR,3026,6,70,223,173,20221030T070001,20221030T160316,407,2,173,UE2020
RR,3026,6,87,295,203,20221030T070001,20221030T160800,407,5,140,UE2020
RR,3026,6,6,229,186,20221030T070001,20221030T160053,407,4,186,UE2020
RR,3026,6,8,209,155,20221030T070001,20221030T160113,407,10,136,UE2013
RR,3026,6,20,294,199,20221030T070001,20221030T160623,407,5,180,UE2020
RR,3026,6,15,261,212,20221030T070001,20221030T160159,407,1,183,UE2020
RR,3026,6,16,257,192,20221030T070001,20221030T160104,407,3,176,UE2015
RR,3026,6,18,258,188,20221030T070001,20221030T161004,407,2,173,UE2015
RR,3026,6,72,258,183,20221030T070236,20221030T161340,407,12,170,UE2015
RR,3026,6,5,221,182,20221030T070001,20221030T160018,407,1,179,UE2020
RR,3026,6,10,258,199,20221030T070001,20221030T160245,407,6,174,UE2020
RR,3026,6,2,226,188,20221030T070001,20221030T160040,407,9,186,UE2020
RR,3026,6,11,259,198,20221030T070001,20221030T160440,407,13,179,UE2020
RR,3026,6,4,223,177,20221030T070001,20221030T160100,407,3,175,UE2020
RR,3026,6,17,263,199,20221030T070001,20221030T160133,407,10,184,UE2015
RR,3000,4,104,288,235,20221030T070001,20221030T160153,407,5,220,UE2020
RR,3000,4,125,207,161,20221030T070006,20221030T160119,407,3,145,UE2015
RR,3000,4,75,290,234,20221030T070001,20221030T160226,407,8,220,UE2020
RR,3000,4,13,209,169,20221030T070001,20221030T160455,407,9,161,UE2015
RR,3000,4,84,388,316,20221030T070001,20221030T160140,407,12,256,UE2020
RR,3000,4,53,214,174,20221030T070001,20221030T160927,407,6,159,UE2015
RR,3000,4,12,212,177,20221030T070001,20221030T160042,407,5,159,UE2015
RR,3000,4,74,282,215,20221030T070001,20221030T160116,407,5,199,UE2020
RR,3000,4,19,235,197,20221030T070234,20221030T160038,407,20,190,UE2020
RR,3000,4,123,292,228,20221030T070001,20221030T160308,407,5,214,UE2020
RR,3000,4,65,237,194,20221030T070001,20221030T160051,407,3,182,UE2015
RR,3000,4,20,243,206,20221030T070011,20221030T160235,407,16,201,UE2020
RR,3000,4,15,284,238,20221030T070001,20221030T160337,407,10,226,UE2020
RR,3000,4,16,242,198,20221030T070001,20221030T160047,407,9,191,UE2020
RR,3000,4,64,237,179,20221030T070619,20221030T160200,407,6,173,UE2020
RR,3000,4,18,288,227,20221030T070001,20221030T160301,407,4,210,UE2020
RR,3000,4,89,240,191,20221030T070001,20221030T160221,407,8,184,UE2020
RR,3000,4,131,266,226,20221030T070132,20221030T160822,407,1,91,UE2020
RR,3000,4,92,213,175,20221030T070001,20221030T160413,407,9,152,UE2015
RR,3000,4,11,209,175,20221030T070353,20221030T160319,407,16,159,UE2015
RR,3000,4,63,184,152,20221030T070001,20221030T160003,407,3,130,UE2015
RR,3000,4,17,290,234,20221030T070001,20221030T160454,407,9,220,UE2020
RR,3000,4,126,234,169,20221030T071655,20221030T160242,407,6,164,UE2020
RR,3000,4,14,289,242,20221030T070001,20221030T160618,407,12,218,UE2020
RR,3000,4,107,213,175,20221030T070001,20221030T160112,407,8,153,UE2015
RR,3000,4,99,196,162,20221030T070001,20221030T160349,407,8,137,UE2020
RR,3123,7,9,241,174,20221030T070001,20221030T160120,407,3,149,UE2020
RR,3123,7,75,338,219,20221030T070001,20221030T160047,407,9,203,UE2020
RR,3123,7,1,210,158,20221030T070001,20221030T160350,407,4,147,UE2015
RR,3123,7,69,255,183,20221030T070001,20221030T160243,407,1,161,UE2015
RR,3123,7,7,243,171,20221030T070001,20221030T160047,407,7,146,UE2020
RR,3123,7,90,302,218,20221030T070001,20221030T160122,407,3,191,UE2015
RR,3123,7,12,249,185,20221030T070001,20221030T160136,407,3,171,UE2015
RR,3123,7,74,245,151,20221030T070001,20221030T160043,407,3,138,UE2020
RR,3123,7,19,242,188,20221030T070001,20221030T160144,407,6,187,UE2015
RR,3123,7,3,212,169,20221030T070001,20221030T161752,407,7,157,UE2015
RR,3123,7,80,122,103,20221030T070001,20221030T160132,407,1,101,UE2015
RR,3123,7,70,203,118,20221030T070001,20221030T160131,407,1,110,UE2020
RR,3123,7,87,186,154,20221030T070837,20221030T160343,407,3,138,UE2015
RR,3123,7,76,254,219,20221030T070241,20221030T160106,407,3,185,UE2015
RR,3123,7,93,206,134,20221030T070001,20221030T160146,407,8,126,UE2020
RR,3123,7,6,246,169,20221030T070001,20221030T160034,407,16,147,UE2020
RR,3123,7,8,244,177,20221030T070001,20221030T160029,407,3,157,UE2020
RR,3123,7,65,241,161,20221030T070001,20221030T160103,407,4,144,UE2020
RR,3123,7,20,140,116,20221030T070001,20221030T161725,407,3,101,UE2015
RR,3123,7,15,246,182,20221030T070001,20221030T160135,407,8,170,UE2020
RR,3123,7,22,205,133,20221030T070210,20221030T160605,407,3,126,UE2020
RR,3123,7,16,247,174,20221030T070001,20221030T160040,407,2,157,UE2020
RR,3123,7,64,245,167,20221030T070001,20221030T160210,407,9,146,UE2020
RR,3123,7,23,209,144,20221030T070001,20221030T160222,407,6,142,UE2020
RR,3123,7,71,206,123,20221030T070258,20221030T160122,407,3,114,UE2020
RR,3123,7,18,245,166,20221030T070001,20221030T160106,407,2,148,UE2020
RR,3123,7,85,210,176,20221030T070001,20221030T160121,407,3,146,UE2015
RR,3123,7,5,247,174,20221030T070001,20221030T160109,407,7,152,UE2020
RR,3123,7,10,255,211,20221030T070437,20221030T160428,407,37,181,UE2015
RR,3123,7,2,207,145,20221030T070001,20221030T160759,407,2,132,UE2015
RR,3123,7,92,256,150,20221030T070001,20221030T160139,407,7,120,UE2020
RR,3123,7,21,211,130,20221030T070008,20221030T160136,407,3,127,UE2020
RR,3123,7,11,256,219,20221030T070904,20221030T160215,407,8,188,UE2015
RR,3123,7,17,244,170,20221030T070001,20221030T160311,407,7,155,UE2020
RR,3123,7,14,243,173,20221030T070029,20221030T160055,407,6,155,UE2020
RR,3123,7,103,317,261,20221030T071415,20221030T160205,407,1,221,UE2015
